run_id	workflow	created_at	event	kind	failed_checks	fail_rows	digest
24891731249	DB(Nightly)	2026-04-24T13:21:26Z	schedule	guard-trip	db	DB:microsoft 0.0% 134.3%	sha256:a54e298ace1c2aa6ce4331d5cfe47eaf63a5333160bcac539a8d0ea0fac620c0
24906397804	DB(Nightly)	2026-04-24T18:50:02Z	schedule	guard-trip	db	DB:microsoft 0.0% 134.3%	sha256:ac01065ea26589c4fc8d4f5b40fc19bfb81f8433118c2cac353310157e1a9fcb
24918908102	DB	2026-04-25T01:09:25Z	schedule	guard-trip	db	DB:ubuntu:26.04 19.8% 0.0%	sha256:aac004b33ee1a9ab13ec23b319630cfaa25b4b819776cc604cf55f2987a67b38
24920349567	DB(Nightly)	2026-04-25T02:23:27Z	schedule	guard-trip	db	DB:microsoft 0.0% 134.3% ;; DB:ubuntu:26.04 19.8% 0.0%	sha256:250dad1bee36483d653fffca248a47db6039c7ace1a1c04c14784ec64173cdb0
24925191618	DB	2026-04-25T06:58:21Z	schedule	guard-trip	db	DB:ubuntu:26.04 19.8% 0.0%	sha256:d603f08756d45f8f50d8587ab1134e3f7ed30d81235197a2b259eb3941133ae3
24925471137	DB(Nightly)	2026-04-25T07:14:07Z	schedule	guard-trip	db	DB:microsoft 0.0% 134.3% ;; DB:ubuntu:26.04 19.8% 0.0%	sha256:ec66bd518da021af376ac492c6b508bb70d6e580ffcdb139a8c23c63492413cd
24930989502	DB	2026-04-25T12:32:54Z	schedule	guard-trip	db	DB:ubuntu:26.04 19.8% 0.0%	sha256:a1135031bfd1faa8dbbf337acd9e65da0d5c2e528e1536fa204b74d10e15cb33
24931502107	DB(Nightly)	2026-04-25T13:01:36Z	schedule	guard-trip	db	DB:microsoft 0.0% 134.3% ;; DB:ubuntu:26.04 19.8% 0.0%	sha256:1ca0e6f8a3e93472589c9901d8bd066b0954916d711d1795fe64af0b62c2ceb6
24937719225	DB	2026-04-25T18:31:11Z	schedule	guard-trip	det_master	DET_MASTER:debian_13 2119 2246 127 0 6.0%	sha256:949ff892e0e48534684880395133f0dd14bf69e1e592d951bbf3174b7cf46e23
24938111218	DB(Nightly)	2026-04-25T18:51:33Z	schedule	guard-trip	det_master	DET_MASTER:debian_13 2119 2246 127 0 6.0%	sha256:c17b45ba319b5e8d78f576e5b441deeec5ae8cd52dd4164ac17785238c4dfe54
24945077046	DB	2026-04-26T01:18:03Z	schedule	guard-trip	det_master	DET_MASTER:debian_13 2119 2246 127 0 6.0%	sha256:9add3fe31909ca0f3fb5230be5ac70c95aaf7f1860738d3875e97477094a902c
24946459803	DB(Nightly)	2026-04-26T02:38:31Z	schedule	guard-trip	det_master	DET_MASTER:debian_13 2119 2246 127 0 6.0%	sha256:4f06ca3c2ca2849f52f52d943b85a76b0cc1bc5bca8b6109be86b5011f3710c0
24950906770	DB	2026-04-26T07:12:37Z	schedule	guard-trip	det_master	DET_MASTER:debian_13 2119 2246 127 0 6.0%	sha256:daebd96bbaba5472655f066dcb7d39505a77731d032e378d9c5f34432d365725
24951159269	DB(Nightly)	2026-04-26T07:27:17Z	schedule	guard-trip	det_master	DET_MASTER:debian_13 2119 2246 127 0 6.0%	sha256:d4d84f02cb24c22a2c3d28661087e5afe6e9c64a8ef72ed33fe9e2d67726d48d
24956743555	DB	2026-04-26T12:34:23Z	schedule	guard-trip	det_master	DET_MASTER:debian_13 2119 2246 127 0 6.0%	sha256:c85e7470a37afec45b83ef719288873646f0c6033857aa611591270e981b1dab
24957311853	DB(Nightly)	2026-04-26T13:03:49Z	schedule	guard-trip	det_master	DET_MASTER:debian_13 2119 2246 127 0 6.0%	sha256:b47e16378ebe4cd31ed3fb089eff3ab697a341cfcebec4d296eb660dda286924
24963959238	DB	2026-04-26T18:31:56Z	schedule	guard-trip	det_master	DET_MASTER:debian_13 2119 2246 127 0 6.0%	sha256:21b4e9bb0c07e4698fa257def13798b8e19be54dc6f7ec9706fdec5d780d2068
24964386125	DB(Nightly)	2026-04-26T18:52:59Z	schedule	guard-trip	det_master	DET_MASTER:debian_13 2119 2246 127 0 6.0%	sha256:871b1c15f6adc95cb87caaf332ddcaa2845660ace90870d9373b77cf5ca852c4
24972105966	DB	2026-04-27T01:19:38Z	schedule	guard-trip	det_master	DET_MASTER:debian_13 2119 2246 127 0 6.0%	sha256:2796a3508aa0e0d433f27ee475cdfb7e993cac80ecea1e3a9411f30738939bb8
24973986521	DB(Nightly)	2026-04-27T02:40:32Z	schedule	guard-trip	det_master	DET_MASTER:debian_13 2119 2246 127 0 6.0%	sha256:e8fa973dc5f78c177382fae10c5ef5476deca7ced97f5a6c9d75696c4c58a935
25183963580	DB	2026-04-30T19:01:45Z	schedule	guard-trip	det_master	DET_MASTER:ubuntu_2604 147 204 57 0 38.8%	sha256:af06cf9de161d44684cfd8b98be3e12c8c8ad77652463e27560d251094e250a9
25184712235	DB(Nightly)	2026-04-30T19:18:52Z	schedule	guard-trip	det_master	DET_MASTER:ubuntu_2604 147 204 57 0 38.8%	sha256:5346102fb2238a3ad3ae672ea2e8f84b1a7e1f15585d27932583f71ee09c0095
25197924779	DB	2026-05-01T01:30:13Z	schedule	guard-trip	det_master	DET_MASTER:ubuntu_2604 147 204 57 0 38.8%	sha256:248b3a9728b910e0fd16abaf8d3e5d65f7c4e3bd6ca91e2f90a3bd7a4c77a2c8
25246629173	DB	2026-05-02T07:14:51Z	schedule	guard-trip	det_master	DET_MASTER:debian_13 2273 2390 117 0 5.1%	sha256:56df8c2fd312912dbade266d6ccd84800d8626ee3dda1a2ac3f3865d50e5ba79
25247104311	DB(Nightly)	2026-05-02T07:41:57Z	schedule	guard-trip	det_master	DET_MASTER:debian_13 2273 2390 117 0 5.1%	sha256:312425a4289d4225926bc7c2d8fab3be3bbe811a571da31501df945d899e61f5
25252080789	DB	2026-05-02T12:38:17Z	schedule	guard-trip	det_master	DET_MASTER:debian_13 2273 2390 117 0 5.1%	sha256:583f4a22f8a3fb32730d9baf1ebadeaac8bd4452ec8e335c472353f03391dae4
25252621125	DB(Nightly)	2026-05-02T13:08:28Z	schedule	guard-trip	det_master	DET_MASTER:debian_13 2273 2390 117 0 5.1%	sha256:ae64052f95788794c59bed4cf30f946b7b5d76ec73cc355cac9348fa3d73849f
25259003302	DB	2026-05-02T18:37:47Z	schedule	guard-trip	det_master	DET_MASTER:debian_13 2273 2386 115 2 5.1%	sha256:13f5fa067bf484feddd53feb1d469a85f176d748ef18e74da65bc6b599f15915
25259378086	DB(Nightly)	2026-05-02T18:57:12Z	schedule	guard-trip	det_master	DET_MASTER:debian_13 2273 2386 115 2 5.1%	sha256:7b9ff3acaad115d45860d167a44bdf52fd785cac17e4c97aec5f0a92cb7f0123
25266628117	DB	2026-05-03T01:24:47Z	schedule	guard-trip	det_master	DET_MASTER:debian_13 2273 2386 115 2 5.1%	sha256:93fe59691829498033280fd7e912bd3b650d00edb814c5be56f27e5dcf15bab1
25268088378	DB(Nightly)	2026-05-03T02:48:31Z	schedule	guard-trip	det_master	DET_MASTER:debian_13 2273 2386 115 2 5.1%	sha256:28ff240905f8ae3101be3285a5982556c9ce126766e832d71bbd636873126f15
25273721708	DB(Nightly)	2026-05-03T07:59:28Z	schedule	guard-trip	det_master	DET_MASTER:debian_13 2273 2385 115 3 5.2%	sha256:e7637d185d824e210f792fa3003f089c224c7e8f93f1e4bff5aaae328a7e128c
25280016120	DB(Nightly)	2026-05-03T13:07:16Z	schedule	guard-trip	det_master	DET_MASTER:debian_13 2273 2385 115 3 5.2%	sha256:8664c55b7572cf23e528fc66cc5ce1ca1d4f04bdede25dd2a2f94e93d123f2df
25287844507	DB(Nightly)	2026-05-03T18:57:36Z	schedule	guard-trip	det_master	DET_MASTER:debian_13 2273 2385 115 3 5.2%	sha256:9ea5ee89b8d6748bf06406832112d273b2ed098480b5e202d6f25fd6b735fe59
25298508542	DB(Nightly)	2026-05-04T02:45:42Z	schedule	guard-trip	det_master	DET_MASTER:debian_13 2273 2385 115 3 5.2%	sha256:9a4cfc40299da98e12de776958fd6b3eb381b5909656f0517ee01098a46e82ba
25308883570	DB(Nightly)	2026-05-04T08:27:11Z	schedule	guard-trip	det_master	DET_MASTER:debian_13 2273 2385 115 3 5.2%	sha256:7eb43b0326c7e99e2116d97cceb4be3522bf525855514b386f900393843e573a
25323211714	DB(Nightly)	2026-05-04T13:57:19Z	schedule	guard-trip	det_master	DET_MASTER:debian_13 2273 2385 115 3 5.2%	sha256:24431d99669b5c9285cdc0379456dcc17d7b1a5c1a0dc295f76e0a8b7adf794d
25338807509	DB(Nightly)	2026-05-04T19:26:32Z	schedule	guard-trip	det_master	DET_MASTER:debian_13 2273 2385 115 3 5.2%	sha256:cd613add4c358f2755f6da4e85f35c9d4320fa15de7953d0bc0ce58a3a05cde1
25354899198	DB(Nightly)	2026-05-05T02:38:36Z	schedule	guard-trip	det_master	DET_MASTER:debian_13 2273 2385 115 3 5.2%	sha256:1c09451a06a806dcfc8ef2c27c6b5af3981e505fa949b5ae8c8685c596dabd66
25365016515	DB(Nightly)	2026-05-05T08:06:55Z	schedule	guard-trip	det_master	DET_MASTER:debian_13 2273 2385 115 3 5.2%	sha256:58adb0621451eb548c0a99c1d5dc7c58bf9b79f67f81f28f89051ac8b84e8f5b
25380488496	DB(Nightly)	2026-05-05T13:51:14Z	schedule	guard-trip	det_master	DET_MASTER:debian_13 2273 2385 115 3 5.2%	sha256:205ff61c67041e0ba0b87c46bd69f2c5e2f2d6d8846b83123e3a995e99df40cf
25397105364	DB(Nightly)	2026-05-05T19:16:57Z	schedule	guard-trip	det_master	DET_MASTER:opensuse_tumbleweed 239 256 17 0 7.1% ;; DET_MASTER:debian_13 2273 2385 115 3 5.2%	sha256:3f1977d3cac27271e8cb74bbb1c939c6edbf87595a97a4acfc46ac46b576c225
25413637265	DB(Nightly)	2026-05-06T02:43:31Z	schedule	guard-trip	det_master	DET_MASTER:opensuse_tumbleweed 239 256 17 0 7.1% ;; DET_MASTER:debian_13 2273 2385 115 3 5.2%	sha256:a467fcc61a9aa2ff8a3c51fdb65a0529e8de64a7e7fe0029d74371c4ca7588f8
25424451985	DB(Nightly)	2026-05-06T08:24:21Z	schedule	guard-trip	det_master	DET_MASTER:opensuse_tumbleweed 239 256 17 0 7.1% ;; DET_MASTER:debian_13 2273 2398 128 3 5.8%	sha256:a77b36d18c54c80e1ecdbeb5d6e823818c1e0f67afbece44a0ab875078188e07
25440371134	DB(Nightly)	2026-05-06T14:07:28Z	schedule	guard-trip	det_master	DET_MASTER:opensuse_tumbleweed 239 256 17 0 7.1% ;; DET_MASTER:debian_13 2273 2398 128 3 5.8%	sha256:2ef06d5dd2e8fd6f52f3b522352ee7a07943b51d3c5928cd0d76e4a097478a79
25455822309	DB	2026-05-06T19:14:44Z	schedule	guard-trip	det_master	DET_MASTER:debian_13 2398 2587 189 0 7.9% ;; DET_MASTER:debian_12 3247 3414 167 0 5.1%	sha256:e2a46e07c07a1b62c513430140d353d54e548d49ee1c466a113239999c7d1447
25457191093	DB(Nightly)	2026-05-06T19:43:45Z	schedule	guard-trip	det_master	DET_MASTER:debian_13 2273 2587 317 3 14.1% ;; DET_MASTER:debian_12 3147 3414 272 5 8.8% ;; DET_MASTER:opensuse_tumbleweed 239 256 17 0 7.1%	sha256:f04c3ac15166bdf5bf0510be55ccf5dd436f175947ffe7ddc890cde63184528a
25470711465	DB	2026-05-07T01:26:58Z	schedule	guard-trip	det_master	DET_MASTER:debian_13 2398 2587 189 0 7.9% ;; DET_MASTER:debian_12 3247 3414 167 0 5.1%	sha256:aeeb557c2376b6ec4a5d64117945725e1fda27bc5cdea4ce2938d40c5b2fd00b
25531494122	DB	2026-05-08T01:29:58Z	schedule	guard-trip	det_master+det_old	DET_MASTER:ubuntu_2604 207 237 30 0 14.5% ;; DET_MASTER:ubuntu_2404 5535 5839 304 0 5.5% ;; DET_OLD:ubuntu_2604 207 237 30 0 14.5% ;; DET_OLD:ubuntu_2404 5535 5839 304 0 5.5%	sha256:aae7be48da3aae00df1441e4668fe334c4f90f7eb15e657a0aeb44e9e24f7db5
25533831932	DB(Nightly)	2026-05-08T02:49:28Z	schedule	guard-trip	det_master+det_old	DET_MASTER:ubuntu_2604 207 237 30 0 14.5% ;; DET_MASTER:ubuntu_2404 5535 5839 304 0 5.5% ;; DET_OLD:ubuntu_2604 207 237 30 0 14.5% ;; DET_OLD:ubuntu_2404 5535 5839 304 0 5.5%	sha256:10573b709f0c842c7e64d6fcbc22c67e6f16d3fd3206b68a97e8c8bdc012c4ec
25595322759	DB	2026-05-09T07:27:29Z	schedule	guard-trip	det_master	DET_MASTER:debian_13 2579 2730 151 0 5.9%	sha256:b02597f829861f545eb181a880759ad43ba713df2987f215414e152b04f9bda1
25595858809	DB(Nightly)	2026-05-09T07:54:12Z	schedule	guard-trip	det_master	DET_MASTER:debian_13 2579 2730 151 0 5.9%	sha256:50500c23cf44f4c14dc79d53600fc159aff5777e537d387d418e430f3a3ea5d8
25601435588	DB	2026-05-09T12:43:52Z	schedule	guard-trip	det_master	DET_MASTER:debian_13 2579 2730 151 0 5.9%	sha256:7fe97cc0928182864969ad253d8d9330f6432c26955ebef60e5c6beea25a9aa5
25602029258	DB(Nightly)	2026-05-09T13:14:38Z	schedule	guard-trip	det_master	DET_MASTER:debian_13 2579 2730 151 0 5.9%	sha256:0df5dbf522c21ae2daf5a2d4d01926d01bb050bea16eaef17ac32828c7d0404c
25608826982	DB	2026-05-09T18:39:00Z	schedule	guard-trip	det_master	DET_MASTER:debian_13 2579 2730 151 0 5.9%	sha256:29fadcc8c6c26a993ea25991a1e24c362f5f18dfe1988d298b7369e10b6c3c51
25609243782	DB(Nightly)	2026-05-09T18:59:10Z	schedule	guard-trip	det_master	DET_MASTER:debian_13 2579 2730 151 0 5.9%	sha256:d89cea53580d609d7324c313f1253a0798623d298433ec6a48997033c8924306
25616580933	DB	2026-05-10T01:28:31Z	schedule	guard-trip	det_master	DET_MASTER:amazon_2023 1798 1923 125 0 7.0% ;; DET_MASTER:debian_13 2579 2727 148 0 5.7%	sha256:f57d49f0a57f5fec2768f910e40a84104c6611e5c2050e2196306580c9fbd430
25618056442	DB(Nightly)	2026-05-10T02:50:24Z	schedule	guard-trip	det_master	DET_MASTER:amazon_2023 1798 1923 125 0 7.0% ;; DET_MASTER:debian_13 2579 2727 148 0 5.7%	sha256:cdb87f0381c033e2f42dad17328aae96947e0e9bd387e450eb53e99a6f518dec
25623328869	DB	2026-05-10T07:50:39Z	schedule	guard-trip	det_master	DET_MASTER:amazon_2023 1798 1923 125 0 7.0% ;; DET_MASTER:debian_13 2579 2727 148 0 5.7%	sha256:58d093e5f18d46af0e0201746eed997184eebb2ea723d08f27a87eeb73b6e715
25623626677	DB(Nightly)	2026-05-10T08:05:57Z	schedule	guard-trip	det_master	DET_MASTER:amazon_2023 1798 1923 125 0 7.0% ;; DET_MASTER:debian_13 2579 2727 148 0 5.7%	sha256:6047e2e4b50bfd115aa8e2250a9fbf1f1658a5008ace16dfb644708afc408de4
25629060289	DB	2026-05-10T12:44:23Z	schedule	guard-trip	det_master	DET_MASTER:amazon_2023 1798 1923 125 0 7.0% ;; DET_MASTER:debian_13 2579 2727 148 0 5.7%	sha256:c8457e1a24b204d836755a81d6574316ae582d7d38b06fb82433df57007a5d80
25629705378	DB(Nightly)	2026-05-10T13:15:39Z	schedule	guard-trip	det_master	DET_MASTER:amazon_2023 1798 1923 125 0 7.0% ;; DET_MASTER:debian_13 2579 2727 148 0 5.7%	sha256:645d62641ed4c19cce8a9f8badd5510dd89e4498c07e895e6bdaabd39f9c8b58
25636663577	DB	2026-05-10T18:40:27Z	schedule	guard-trip	det_master	DET_MASTER:opensuse_leap_16 0 1601 1601 0 100.0% ;; DET_MASTER:opensuse_leap_16_kernel-default-base 0 1553 1553 0 100.0% ;; DET_MASTER:amazon_2023 1798 1923 125 0 7.0% ;; DET_MASTER:debian_13 2579 2728 149 0 5.8%	sha256:3d711fac84e86448a09f484968cf45d8aa0f8a083cd7bbc69d26f452915bda3c
25637112761	DB(Nightly)	2026-05-10T19:01:30Z	schedule	guard-trip	det_master	DET_MASTER:opensuse_leap_16 0 1601 1601 0 100.0% ;; DET_MASTER:opensuse_leap_16_kernel-default-base 0 1553 1553 0 100.0% ;; DET_MASTER:amazon_2023 1798 1923 125 0 7.0% ;; DET_MASTER:debian_13 2579 2728 149 0 5.8%	sha256:ea17c08f82cbd08f5049cdce5eca5a717c2a2f5639a5b406cc4548c683b62682
25646060514	DB	2026-05-11T01:46:54Z	schedule	guard-trip	det_master	DET_MASTER:opensuse_leap_16 0 1601 1601 0 100.0% ;; DET_MASTER:opensuse_leap_16_kernel-default-base 0 1553 1553 0 100.0% ;; DET_MASTER:amazon_2023 1798 1923 125 0 7.0% ;; DET_MASTER:debian_13 2579 2728 149 0 5.8%	sha256:e2f58be538d170e2566121d3fe9e69a37e836f589fd6c464ed4e2d117bee8598
25787568321	DB	2026-05-13T08:27:12Z	schedule	guard-trip	det_master+det_old	DET_MASTER:oracle_8 703 750 47 0 6.7% ;; DET_OLD:oracle_8 703 750 47 0 6.7%	sha256:186fad6b75a8af77532c85f0f2c02282d411f16f8ee47b3767c9a525892149d9
25788274858	DB(Nightly)	2026-05-13T08:42:12Z	schedule	guard-trip	det_master+det_old+db	DET_MASTER:oracle_8 703 750 47 0 6.7% ;; DET_OLD:oracle_8 703 750 47 0 6.7% ;; DB:microsoft 0.0% 15.6%	sha256:c786320c112a2eb197ba533df2a3ed5fa59cd44aed1fd9db5603574aa831a9f3
25803754628	DB	2026-05-13T13:56:28Z	schedule	guard-trip	det_master+det_old	DET_MASTER:oracle_8 703 750 47 0 6.7% ;; DET_OLD:oracle_8 703 750 47 0 6.7%	sha256:8541f9d42b8103e90a81391df78cf1e63f42a160b57bb7a8c632433b8cc42e83
25805698468	DB(Nightly)	2026-05-13T14:30:26Z	schedule	guard-trip	det_master+det_old+db	DET_MASTER:oracle_8 703 750 47 0 6.7% ;; DET_OLD:oracle_8 703 750 47 0 6.7% ;; DB:microsoft 0.0% 15.6%	sha256:f355fb6ae6aede8e2ce2d86e893f9d305908d22d3c00b9e037ae07f63bd4ace4
25821416668	DB	2026-05-13T19:25:49Z	schedule	guard-trip	det_master+det_old	DET_MASTER:oracle_8 703 750 47 0 6.7% ;; DET_OLD:oracle_8 703 750 47 0 6.7%	sha256:0f8d12269f4765b01d9b861dcad49cc8d333d2fdb438945264355688e438b2c9
25822763345	DB(Nightly)	2026-05-13T19:52:27Z	schedule	guard-trip	det_master+det_old+db	DET_MASTER:oracle_8 703 750 47 0 6.7% ;; DET_OLD:oracle_8 703 750 47 0 6.7% ;; DB:microsoft 0.0% 18.3%	sha256:4cdbe3c6b01cbb1d74c90f7d0ce5ce36d3eb4b4f65837e4ef82b78e51e7f927c
25836902542	DB	2026-05-14T01:50:10Z	schedule	guard-trip	det_master+det_old	DET_MASTER:oracle_8 703 750 47 0 6.7% ;; DET_OLD:oracle_8 703 750 47 0 6.7%	sha256:28329ee70753f61069146580a8e344917005cd80cf8019e6d6bf1c3e2d300748
25839689469	DB(Nightly)	2026-05-14T03:20:56Z	schedule	guard-trip	det_master+det_old+db	DET_MASTER:oracle_8 703 750 47 0 6.7% ;; DET_OLD:oracle_8 703 750 47 0 6.7% ;; DB:microsoft 0.0% 18.3%	sha256:33276d1709bfb50a005f5c189f98d5d8336e5970dfce1aabf60096c93a2ef747
25849794782	DB	2026-05-14T08:20:43Z	schedule	guard-trip	det_master+det_old	DET_MASTER:oracle_8 703 752 49 0 7.0% ;; DET_OLD:oracle_8 703 752 49 0 7.0%	sha256:746372a70d09407b0ed0f309ad5c62b61fcd996d1c772a0ad4ae95a9a6ae2777
25850387743	DB(Nightly)	2026-05-14T08:35:09Z	schedule	guard-trip	det_master+det_old+db	DET_MASTER:oracle_8 703 752 49 0 7.0% ;; DET_OLD:oracle_8 703 752 49 0 7.0% ;; DB:microsoft 0.0% 18.3%	sha256:24ff33f81ee15a58e0478a898c456212f0e82f86d40f8b52e8f465d71de01337
25862364823	DB	2026-05-14T13:21:18Z	schedule	guard-trip	det_master+det_old	DET_MASTER:oracle_8 703 752 49 0 7.0% ;; DET_OLD:oracle_8 703 752 49 0 7.0%	sha256:e8d5af33f03ee9362c6bda3f74985fa75a14ad52f78b44162c7f20dcef8c4e3a
25864692418	DB(Nightly)	2026-05-14T14:07:55Z	schedule	guard-trip	det_master+det_old+db	DET_MASTER:oracle_8 703 752 49 0 7.0% ;; DET_OLD:oracle_8 703 752 49 0 7.0% ;; DB:microsoft 0.0% 18.3%	sha256:c3f5c8a028b94b66ebd84465ff0c3a3082168efb41d8c736726fd56015d2a054
25880664574	DB	2026-05-14T19:23:49Z	schedule	guard-trip	det_master+det_old	DET_MASTER:oracle_8 703 752 49 0 7.0% ;; DET_OLD:oracle_8 703 752 49 0 7.0%	sha256:a3992c820815a78e8739a3a3690dde1f9153fd4eb03c9219548227a10b731631
25881636091	DB(Nightly)	2026-05-14T19:43:43Z	schedule	guard-trip	det_master+det_old+db	DET_MASTER:oracle_8 703 752 49 0 7.0% ;; DET_OLD:oracle_8 703 752 49 0 7.0% ;; DB:microsoft 0.0% 18.3%	sha256:70a6bc830f03e237d8a1b3dd271a04513948827f82d3c581729f0ecd704890a5
25956451854	DB	2026-05-16T07:43:21Z	schedule	guard-trip	det_master	DET_MASTER:amazon_2_extra_kernel 1132 1272 140 0 12.4%	sha256:99b5079e3b38df4656057b513163a5e3b16f4bb1465637d9f2070d7ba5ef0626
25956826427	DB(Nightly)	2026-05-16T08:02:13Z	schedule	guard-trip	det_master	DET_MASTER:amazon_2_extra_kernel 1132 1272 140 0 12.4%	sha256:45ef119a2bf9a34296ed4a7eac39a927698531714a37df5a71bdc4ed986f8bce
25962362913	DB	2026-05-16T12:49:59Z	schedule	guard-trip	det_master	DET_MASTER:amazon_2_extra_kernel 1132 1272 140 0 12.4%	sha256:bccbfabea072575d9a62ec3eed16e4478a861136d42cbdd6dde37a3c745ea8a6
25962960086	DB(Nightly)	2026-05-16T13:19:10Z	schedule	guard-trip	det_master	DET_MASTER:amazon_2_extra_kernel 1132 1272 140 0 12.4%	sha256:a89ad001bd4385616cb4077cf7f2d674a7755e72a65157380b5d447e7f57dd64
25969860426	DB	2026-05-16T18:43:02Z	schedule	guard-trip	det_master	DET_MASTER:amazon_2_extra_kernel 1132 1272 140 0 12.4%	sha256:86e8fd89e16a010cafac2dc9186a43f4203fb84de2ad989b942708bb77c0a36e
25970286212	DB(Nightly)	2026-05-16T19:02:29Z	schedule	guard-trip	det_master	DET_MASTER:amazon_2_extra_kernel 1132 1272 140 0 12.4%	sha256:a966c02553b58766bbcdc82d943c95e08a28d4c469a473c4a649b31fae576163
25978318430	DB	2026-05-17T01:45:26Z	schedule	guard-trip	det_master	DET_MASTER:amazon_2_extra_kernel 1132 1272 140 0 12.4%	sha256:1f8fa69c606fff536ac2fb79653411982232bf4f0d7ae4378aa6520033207da8
25979651205	DB(Nightly)	2026-05-17T02:56:44Z	schedule	guard-trip	det_master	DET_MASTER:amazon_2_extra_kernel 1132 1272 140 0 12.4%	sha256:2c209a8eba3a20204e65917a489b74a3f6caf28acd037d673d1e621b808c297c
25985362543	DB	2026-05-17T08:03:25Z	schedule	guard-trip	det_master	DET_MASTER:amazon_2_extra_kernel 1132 1272 140 0 12.4%	sha256:5dfc053a747d7f92e52f2951e9b0328c4a3803e1da7ae9a83682885a569bedbb
25985691308	DB(Nightly)	2026-05-17T08:19:38Z	schedule	guard-trip	det_master	DET_MASTER:amazon_2_extra_kernel 1132 1272 140 0 12.4%	sha256:2751b28f95cda36d7d5bcb16d11021a4e6555eddaaf6170e77941224c4b9aa05
25991233016	DB	2026-05-17T12:45:27Z	schedule	guard-trip	det_master	DET_MASTER:amazon_2_extra_kernel 1132 1272 140 0 12.4%	sha256:3e8f0ca48a7b5ae522f670131e3e7dbce209e40b9392c0ecba74fb4ff0fe161f
25991953059	DB(Nightly)	2026-05-17T13:17:36Z	schedule	guard-trip	det_master	DET_MASTER:amazon_2_extra_kernel 1132 1272 140 0 12.4%	sha256:588880e0b1796f87845f4e6ebab016668ea40534d3fd61feaf80331da6101ee5
25999993772	DB(Nightly)	2026-05-17T19:06:41Z	schedule	guard-trip	det_master	DET_MASTER:amazon_2_extra_kernel 1132 1272 140 0 12.4%	sha256:b87a0cd556c6734edbfdb6e3ccc75b65cc40d3e040d97405b32e8df635ac3586
26012070832	DB(Nightly)	2026-05-18T03:34:50Z	schedule	guard-trip	det_master	DET_MASTER:amazon_2_extra_kernel 1132 1272 140 0 12.4%	sha256:a5a2f7605c51660187038d05f33f661dc229268e65414745758a3ebf7b959b38
26026639078	DB(Nightly)	2026-05-18T10:00:32Z	schedule	guard-trip	db	DB:fedora:45 39.3% 0.0%	sha256:873aea1a95e1b22a48914f749655a3f1e58a717f8cd2e5fbe95f1d1143d56e78
26043249910	DB(Nightly)	2026-05-18T15:29:02Z	schedule	guard-trip	db	DB:fedora:45 39.3% 0.0%	sha256:f7a3daf371b5025e2b248f09db0356c200d7d0e153c40c6341ce6ba796279c72
26055080801	DB	2026-05-18T19:18:21Z	schedule	guard-trip	db	DB:fedora:45 39.3% 0.0%	sha256:b329630bbcba9cd09d1f9955e8652abc81d4d0de1eab0e2af160cada1cc2edb8
26056314526	DB(Nightly)	2026-05-18T19:42:38Z	schedule	guard-trip	db	DB:fedora:45 39.3% 0.0% ;; DB:microsoft 1.3% 28.2%	sha256:ab2c3a7e26b745e7e7b5b928ebdccaee2c625b0f08fd7bb4a1ecc585038fddb5
26151777036	DB	2026-05-20T08:47:27Z	schedule	guard-trip	db	DB:ubuntu:16.04 39.0% 0.0% ;; DB:ubuntu:26.04 17.0% 0.0%	sha256:9299883095a2b5e5e1086b836be44dca8e6592441ca4a2246db4c6394b653815
26168945986	DB	2026-05-20T14:24:51Z	schedule	guard-trip	db	DB:ubuntu:16.04 39.0% 0.0% ;; DB:ubuntu:26.04 17.0% 0.0%	sha256:ade758a2fe75b1c643d73414656d20f81d9b3e1bb624cd5e644587b781b21313
26186484423	DB	2026-05-20T19:57:05Z	schedule	guard-trip	det_master+det_old+db	DET_MASTER:ubuntu_2604 237 259 22 0 9.3% ;; DET_OLD:ubuntu_2604 237 259 22 0 9.3% ;; DB:ubuntu:16.04 39.5% 0.0% ;; DB:ubuntu:26.04 17.0% 0.0%	sha256:7fc5e422e038382dedf6ea253f5a415afc9879857b7580f1e17bb3282bfa656b
26187246130	DB(Nightly)	2026-05-20T20:12:24Z	schedule	guard-trip	det_master+det_old+db	DET_MASTER:ubuntu_2604 237 259 22 0 9.3% 5.0% ;; DET_OLD:ubuntu_2604 237 259 22 0 9.3% 5.0% ;; DB:ubuntu:16.04 39.5% 0.0% 10.0% ;; DB:ubuntu:26.04 17.0% 0.0% 10.0%	sha256:9fab631c983d038ec445779d4d5714bbdf44d0d7a505c31eeabf12d304fa5c92
26327547220	DB	2026-05-23T07:59:35Z	schedule	guard-trip	db	DB:ubuntu:snap 21.7% 0.0% 10.0%	sha256:28727caec89781c7233008233df6d2d71f021a0e9d25455f1476c27bf850a17c
26327890700	DB(Nightly)	2026-05-23T08:16:59Z	schedule	guard-trip	db	DB:ubuntu:snap 21.7% 0.0% 10.0%	sha256:6d09c04c539dd74532ab63d642f2bf4320cbb9e4757ea02266da4e1a4110b5bc
26333176877	DB	2026-05-23T12:51:20Z	schedule	guard-trip	db	DB:ubuntu:snap 21.7% 0.0% 10.0%	sha256:393248b32ccb1421ccf4d451bab172a5bf2cc6f7b33855f5825e4b7ead634704
26333821969	DB(Nightly)	2026-05-23T13:21:57Z	schedule	guard-trip	db	DB:ubuntu:snap 21.7% 0.0% 10.0%	sha256:ca63b5bfb685254be7df469b22d0f25f01f8ab4ff48272bad6d3143f7282e68b
26340711589	DB	2026-05-23T18:49:00Z	schedule	guard-trip	db	DB:ubuntu:snap 21.7% 0.0% 10.0%	sha256:5c909b2aec638e9566c4e39a6f893798ad37b042083249faadf101818c305c8b
26341089578	DB(Nightly)	2026-05-23T19:07:26Z	schedule	guard-trip	db	DB:ubuntu:snap 21.7% 0.0% 10.0%	sha256:87b9116db6146481482d4a57a47702a34fd32e21e2392602afb50978d84ca159
26348984041	DB	2026-05-24T01:51:42Z	schedule	guard-trip	db	DB:ubuntu:snap 21.7% 0.0% 10.0%	sha256:7eb5232b6cad7b33407036aca2d7ce04155f66a0567c9b1a1b6ba85006c32a30
26350830349	DB(Nightly)	2026-05-24T03:30:21Z	schedule	guard-trip	db	DB:ubuntu:snap 21.7% 0.0% 10.0%	sha256:0cd0e0e934152b8167e8e99ba4ff5eccb3c69c41dc443224d0e85f1c832f4c27
26356005718	DB	2026-05-24T08:10:47Z	schedule	guard-trip	db	DB:ubuntu:snap 21.7% 0.0% 10.0%	sha256:34f5a84c875e1c3e8ca0f8feee07390cccb94684ff55e0c8e854d5aa7a26b656
26356332939	DB(Nightly)	2026-05-24T08:27:04Z	schedule	guard-trip	db	DB:ubuntu:snap 21.7% 0.0% 10.0%	sha256:0c01252f9b6cff7b7ada1d8d4eca881243cb32699d4fc7ab126103f51641ce1e
26361757983	DB	2026-05-24T12:51:51Z	schedule	guard-trip	db	DB:ubuntu:snap 21.7% 0.0% 10.0%	sha256:438f144ab9dd360cfd8a539b547b839819191229ff9ec525eff031a8b82a51a7
26362452168	DB(Nightly)	2026-05-24T13:23:17Z	schedule	guard-trip	db	DB:ubuntu:snap 21.7% 0.0% 10.0%	sha256:6f9ebb122572c0bc28f8e60247249e4626f0ecde3b951c1da0820c282ddea74a
26369890091	DB	2026-05-24T18:54:59Z	schedule	guard-trip	db	DB:ubuntu:snap 21.7% 0.0% 10.0%	sha256:8871c3e0c78c119fa01d6b9d1448174cd2afc10b4a20099bb0b41dc2ce7026c7
26370322919	DB(Nightly)	2026-05-24T19:14:52Z	schedule	guard-trip	db	DB:ubuntu:snap 21.7% 0.0% 10.0%	sha256:fa2de3d69e2d7f7b4f732cc2b366afdf7031766817675e0f2a53d3ae31b5e8d9
26379291369	DB	2026-05-25T01:58:06Z	schedule	guard-trip	db	DB:ubuntu:snap 21.7% 0.0% 10.0%	sha256:8e5631a1e6b60f3074cb5b1fd2172c0b8d1077dab4319bcf81d82b01ce314914
26381957555	DB(Nightly)	2026-05-25T03:41:17Z	schedule	guard-trip	db	DB:ubuntu:snap 21.7% 0.0% 10.0%	sha256:4339be9613c7a47f86b43e4eecf710e213d99d8cc9b84734e42de88dab6f8bd2
26501231316	DB	2026-05-27T08:53:44Z	schedule	guard-trip	det_master+det_old+db	DET_MASTER:alma_10 259 60 29 228 99.2% 5.0% ;; DET_OLD:alma_10 259 60 29 228 99.2% 5.0% ;; DB:alma:10 99.7% 0.0% 10.0%	sha256:57de77ab30464b316dfa6d88e99b12a085ae073de2abbe1aa1951ea25c99ef58
26503546716	DB(Nightly)	2026-05-27T09:41:51Z	schedule	guard-trip	det_master+det_old+db	DET_MASTER:alma_10 259 60 29 228 99.2% 5.0% ;; DET_OLD:alma_10 259 60 29 228 99.2% 5.0% ;; DB:alma:10 99.7% 0.0% 10.0%	sha256:6c639fce7c98a7ea459f8da4918f892030b832a30c3d022e1e9c768c20e831d8
26518582272	DB	2026-05-27T14:46:02Z	schedule	guard-trip	det_master+det_old+db	DET_MASTER:alma_10 259 60 29 228 99.2% 5.0% ;; DET_OLD:alma_10 259 60 29 228 99.2% 5.0% ;; DB:alma:10 99.7% 0.0% 10.0%	sha256:a29aa9e05e75940cc5904e10b05494250c1fceef8a801d12bd1bf079863291a3
26521545645	DB(Nightly)	2026-05-27T15:37:45Z	schedule	guard-trip	det_master+det_old+db	DET_MASTER:alma_10 259 60 29 228 99.2% 5.0% ;; DET_OLD:alma_10 259 60 29 228 99.2% 5.0% ;; DB:alma:10 99.7% 0.0% 10.0%	sha256:195fe364e6d35c670b106411ea8b008fa4a34ee8e34355d4358bc1fbb1ee7c23
26535048336	DB	2026-05-27T19:52:57Z	schedule	guard-trip	det_master+det_old+db	DET_MASTER:alma_10 259 60 29 228 99.2% 5.0% ;; DET_OLD:alma_10 259 60 29 228 99.2% 5.0% ;; DB:alma:10 99.7% 0.0% 10.0%	sha256:34c24f3b28d2806d9a39a49076e7c93b86cce5c4babb9ec9d6f5912b2128a7c9
26536051244	DB(Nightly)	2026-05-27T20:12:45Z	schedule	guard-trip	det_master+det_old+db	DET_MASTER:alma_10 259 60 29 228 99.2% 5.0% ;; DET_OLD:alma_10 259 60 29 228 99.2% 5.0% ;; DB:alma:10 99.7% 0.0% 10.0%	sha256:ba9703185a5ccb3fd1b7b436fe3377d0618c9c15ca750c93e1f39358236b0bda
26549050793	DB	2026-05-28T01:29:48Z	schedule	guard-trip	db	DB:alma:10 19.1% 0.0% 10.0%	sha256:6a6701eec7539775e7dce27b934f581fb359bcbc857131d81890a344ee593c60
26553857530	DB	2026-05-28T04:00:23Z	workflow_dispatch	guard-trip	det_master+det_old+db	DET_MASTER:alma_10 60 259 228 29 428.3% 5.0% ;; DET_OLD:alma_10 60 259 228 29 428.3% 5.0% ;; DB:alma:10 264.0% 0.0% 10.0%	sha256:d2c2a106199abc34e3efe2d7897e99e65348b9860994d8f52223b8122f70a035
26553887891	DB(Nightly)	2026-05-28T04:01:22Z	workflow_dispatch	guard-trip	det_master+det_old+db	DET_MASTER:alma_10 60 259 228 29 428.3% 5.0% ;; DET_OLD:alma_10 60 259 228 29 428.3% 5.0% ;; DB:alma:10 264.0% 0.0% 10.0%	sha256:aee9b8369a6651dba6317fa9219716a0d5ed1c9eb4b6e809cc6e1c30d6894074
26598853336	DB	2026-05-28T19:59:12Z	schedule	guard-trip	det_master+det_old	DET_MASTER:rocky_9 651 686 35 0 5.4% 5.0% ;; DET_OLD:rocky_9 651 686 35 0 5.4% 5.0%	sha256:6737ffad8cf4fd36e47ba96c37b954a8fbe4e7c6de65913cc5fb3bfbe8963b46
26599912086	DB(Nightly)	2026-05-28T20:20:11Z	schedule	guard-trip	det_master+det_old	DET_MASTER:rocky_9 651 686 35 0 5.4% 5.0% ;; DET_OLD:rocky_9 651 686 35 0 5.4% 5.0%	sha256:1ee0d6c95929d729e76b16c983517bc239e2fc5e1891ea88d557fa0e5e3db5d8
26628174207	DB	2026-05-29T08:58:25Z	schedule	guard-trip	det_master+db	DET_MASTER:opensuse_leap_16_kernel-default-base 1627 1836 210 1 13.0% 5.0% ;; DET_MASTER:opensuse_leap_16 1704 1921 218 1 12.9% 5.0% ;; DB:opensuse.leap:16.0 13.6% 0.0% 10.0%	sha256:e64cca372fd7c3580810a094173488a622ce81f04a6be2747fbe5fc047e1da7e
26630554016	DB(Nightly)	2026-05-29T09:51:40Z	schedule	guard-trip	det_master+db	DET_MASTER:opensuse_leap_16_kernel-default-base 1627 1836 210 1 13.0% 5.0% ;; DET_MASTER:opensuse_leap_16 1704 1921 218 1 12.9% 5.0% ;; DB:opensuse.leap:16.0 13.6% 0.0% 10.0%	sha256:7538490e7a1a968b4d4dbd0d365c31a799ef27c1aa89d3c6b044f3732acf0108
26678908271	DB	2026-05-30T08:11:03Z	schedule	guard-trip	det_master+det_old+db	DET_MASTER:rocky_10 122 164 42 0 34.4% 5.0% ;; DET_OLD:rocky_10 122 164 42 0 34.4% 5.0% ;; DB:rocky:10 14.1% 0.0% 10.0%	sha256:9f425d52d2eb184244090726f360a4f4d85b6b6826ca436cfd3657989266eac1
26679195646	DB(Nightly)	2026-05-30T08:25:55Z	schedule	guard-trip	det_master+det_old+db	DET_MASTER:rocky_10 122 164 42 0 34.4% 5.0% ;; DET_OLD:rocky_10 122 164 42 0 34.4% 5.0% ;; DB:rocky:10 14.1% 0.0% 10.0%	sha256:f5ea470dc7e986876a0e3fdbea787fc901ccc54427572a106302771584801cdc
26684355040	DB	2026-05-30T12:55:15Z	schedule	guard-trip	det_master+det_old+db	DET_MASTER:rocky_10 122 164 42 0 34.4% 5.0% ;; DET_OLD:rocky_10 122 164 42 0 34.4% 5.0% ;; DB:rocky:10 14.1% 0.0% 10.0%	sha256:2f453f63d6faee6199c9fe09d6b8f7fb7e7c9e55556f3e3ae71393e798ad5bf3
26684974271	DB(Nightly)	2026-05-30T13:26:21Z	schedule	guard-trip	det_master+det_old+db	DET_MASTER:rocky_10 122 164 42 0 34.4% 5.0% ;; DET_OLD:rocky_10 122 164 42 0 34.4% 5.0% ;; DB:rocky:10 14.1% 0.0% 10.0%	sha256:9ecff4fc4991c9b83b6a302b4ce6028985cb5ceb7537ab4160da026459f941e6
26692107061	DB	2026-05-30T18:53:06Z	schedule	guard-trip	det_master+det_old+db	DET_MASTER:rocky_10 122 164 42 0 34.4% 5.0% ;; DET_OLD:rocky_10 122 164 42 0 34.4% 5.0% ;; DB:rocky:10 14.1% 0.0% 10.0%	sha256:b7dc2a0776a2f62b7b801dc10a328993f0d8f2aa7d14d662a3877bc441a2142a
26692520015	DB(Nightly)	2026-05-30T19:12:41Z	schedule	guard-trip	det_master+det_old+db	DET_MASTER:rocky_10 122 164 42 0 34.4% 5.0% ;; DET_OLD:rocky_10 122 164 42 0 34.4% 5.0% ;; DB:rocky:10 14.1% 0.0% 10.0%	sha256:19563c57af39cf64d13fa909f3879a7fbfdea837b81fad7a5dc38d418293f483
26700533151	DB	2026-05-31T01:59:14Z	schedule	guard-trip	det_master+det_old+db	DET_MASTER:rocky_10 122 164 42 0 34.4% 5.0% ;; DET_OLD:rocky_10 122 164 42 0 34.4% 5.0% ;; DB:rocky:10 14.1% 0.0% 10.0%	sha256:c02eec40506717731be818e1e294ce6be78eab75eb3c30eca3ad714f80a1903a
26702385718	DB(Nightly)	2026-05-31T03:41:53Z	schedule	guard-trip	det_master+det_old+db	DET_MASTER:rocky_10 122 164 42 0 34.4% 5.0% ;; DET_OLD:rocky_10 122 164 42 0 34.4% 5.0% ;; DB:rocky:10 14.1% 0.0% 10.0%	sha256:6a2fb1944cc050e787da2e8e87b958b37d96e7bede99bbfa0eccc4e09046c6b4
26707744527	DB	2026-05-31T08:30:12Z	schedule	guard-trip	det_master+det_old+db	DET_MASTER:rocky_10 122 164 42 0 34.4% 5.0% ;; DET_OLD:rocky_10 122 164 42 0 34.4% 5.0% ;; DB:rocky:10 14.1% 0.0% 10.0%	sha256:ba09e2d3fb3d7f27208f4127a0cc2a5adea946e2a682ff9bde22e0ff2b5e78de
26707997962	DB(Nightly)	2026-05-31T08:42:46Z	schedule	guard-trip	det_master+det_old+db	DET_MASTER:rocky_10 122 164 42 0 34.4% 5.0% ;; DET_OLD:rocky_10 122 164 42 0 34.4% 5.0% ;; DB:rocky:10 14.1% 0.0% 10.0%	sha256:72b5f31a3681c4d211550fabd1020d0b96a82586ac8ab3441bbde6fce7b3dba4
26713392904	DB	2026-05-31T13:04:01Z	schedule	guard-trip	det_master+det_old+db	DET_MASTER:rocky_10 122 164 42 0 34.4% 5.0% ;; DET_OLD:rocky_10 122 164 42 0 34.4% 5.0% ;; DB:rocky:10 14.1% 0.0% 10.0%	sha256:de754fd754f5f309421dc34666e39be335d484bf30f5c654fab17084ea1454d1
26714243002	DB(Nightly)	2026-05-31T13:42:12Z	schedule	guard-trip	det_master+det_old+db	DET_MASTER:rocky_10 122 164 42 0 34.4% 5.0% ;; DET_OLD:rocky_10 122 164 42 0 34.4% 5.0% ;; DB:rocky:10 14.1% 0.0% 10.0%	sha256:3f155df4b7cfa12ae2ed89c7e4aebabb1a68c7c68764f5943c06d6c990bc7eee
26721516527	DB	2026-05-31T18:56:58Z	schedule	guard-trip	det_master+det_old+db	DET_MASTER:rocky_10 122 164 42 0 34.4% 5.0% ;; DET_OLD:rocky_10 122 164 42 0 34.4% 5.0% ;; DB:rocky:10 14.1% 0.0% 10.0%	sha256:ced5a6d9d348a9338c61d877904f36ff00590d2de7e386e8528d03d3bd93e4d5
26721933101	DB(Nightly)	2026-05-31T19:14:38Z	schedule	guard-trip	det_master+det_old+db	DET_MASTER:rocky_10 122 164 42 0 34.4% 5.0% ;; DET_OLD:rocky_10 122 164 42 0 34.4% 5.0% ;; DB:rocky:10 14.1% 0.0% 10.0%	sha256:35c93fdcc8ef4ac873ad62ff3cd0d6c37b33257d1059a322aa201790a820926d
26731457315	DB	2026-06-01T02:07:30Z	schedule	guard-trip	det_master+det_old+db	DET_MASTER:rocky_10 122 164 42 0 34.4% 5.0% ;; DET_OLD:rocky_10 122 164 42 0 34.4% 5.0% ;; DB:rocky:10 14.1% 0.0% 10.0%	sha256:ef0c4d2bf8f5b2a1d6dd1b346977bf3d42128363fc05777fc37a55eed3e4448c
26734311752	DB(Nightly)	2026-06-01T03:56:51Z	schedule	guard-trip	det_master+det_old+db	DET_MASTER:rocky_10 122 164 42 0 34.4% 5.0% ;; DET_OLD:rocky_10 122 164 42 0 34.4% 5.0% ;; DB:rocky:10 14.1% 0.0% 10.0%	sha256:6197062fa291d49b5b28870e7bc5c4793642194f46addbe93ac1af808072e7ce
26797277576	DB(Nightly)	2026-06-02T03:52:41Z	schedule	guard-trip	det_master	DET_MASTER:windows_11_21h2 326 472 146 0 44.8% 5.0% ;; DET_MASTER:windows_11_22h2 353 499 146 0 41.4% 5.0% ;; DET_MASTER:windows_10_20h2 571 717 146 0 25.6% 5.0% ;; DET_MASTER:windows_11_25h2 575 721 146 0 25.4% 5.0% ;; DET_MASTER:windows_11_23h2 576 722 146 0 25.3% 5.0% ;; DET_MASTER:windows_server_2022 577 723 146 0 25.3% 5.0% ;; DET_MASTER:windows_11_24h2 582 728 146 0 25.1% 5.0% ;; DET_MASTER:windows_server_2022_sql_server_2019 1102 1248 146 0 13.2% 5.0% ;; DET_MASTER:windows_server_2025 1138 1284 146 0 12.8% 5.0% ;; DET_MASTER:windows_10_22h2 2052 2198 146 0 7.1% 5.0% ;; DET_MASTER:windows_10_21h1 2174 2320 146 0 6.7% 5.0% ;; DET_MASTER:windows_10_21h2 2675 2821 146 0 5.5% 5.0%	sha256:3fe8361d174aaca2b7a0e7e8d992f3b870f9b301a941491b7fa01deb00a8798e
26812270420	DB	2026-06-02T09:54:15Z	schedule	guard-trip	det_master	DET_MASTER:windows_11_21h2 326 472 146 0 44.8% 5.0% ;; DET_MASTER:windows_11_22h2 353 499 146 0 41.4% 5.0% ;; DET_MASTER:windows_10_20h2 571 717 146 0 25.6% 5.0% ;; DET_MASTER:windows_11_25h2 575 721 146 0 25.4% 5.0% ;; DET_MASTER:windows_11_23h2 576 722 146 0 25.3% 5.0% ;; DET_MASTER:windows_server_2022 577 723 146 0 25.3% 5.0% ;; DET_MASTER:windows_11_24h2 582 728 146 0 25.1% 5.0% ;; DET_MASTER:windows_server_2022_sql_server_2019 1102 1248 146 0 13.2% 5.0% ;; DET_MASTER:windows_server_2025 1138 1284 146 0 12.8% 5.0% ;; DET_MASTER:windows_10_22h2 2052 2198 146 0 7.1% 5.0% ;; DET_MASTER:windows_10_21h1 2174 2320 146 0 6.7% 5.0% ;; DET_MASTER:windows_10_21h2 2675 2821 146 0 5.5% 5.0%	sha256:f22a33adb1da94a922f88fc82e05cc7ad4a4f4e18950e255c677d0ff6b69213b
26813551885	DB(Nightly)	2026-06-02T10:20:51Z	schedule	guard-trip	det_master	DET_MASTER:windows_11_21h2 326 472 146 0 44.8% 5.0% ;; DET_MASTER:windows_11_22h2 353 499 146 0 41.4% 5.0% ;; DET_MASTER:windows_10_20h2 571 717 146 0 25.6% 5.0% ;; DET_MASTER:windows_11_25h2 575 721 146 0 25.4% 5.0% ;; DET_MASTER:windows_11_23h2 576 722 146 0 25.3% 5.0% ;; DET_MASTER:windows_server_2022 577 723 146 0 25.3% 5.0% ;; DET_MASTER:windows_11_24h2 582 728 146 0 25.1% 5.0% ;; DET_MASTER:windows_server_2022_sql_server_2019 1102 1248 146 0 13.2% 5.0% ;; DET_MASTER:windows_server_2025 1138 1284 146 0 12.8% 5.0% ;; DET_MASTER:windows_10_22h2 2052 2198 146 0 7.1% 5.0% ;; DET_MASTER:windows_10_21h1 2174 2320 146 0 6.7% 5.0% ;; DET_MASTER:windows_10_21h2 2675 2821 146 0 5.5% 5.0%	sha256:8877e9e5d0a9197b4de968133f87ca3ebd9146b203bbea03a2742ef3554fe579
26975653954	DB	2026-06-04T19:49:59Z	schedule	guard-trip	det_master+det_old	DET_MASTER:rocky_10 164 183 19 0 11.6% 5.0% ;; DET_OLD:rocky_10 164 183 19 0 11.6% 5.0%	sha256:5c2fa6915fc34c2471010539eb07589be27c158505ec3fe637c486fb5fa9979d
26976396833	DB(Nightly)	2026-06-04T20:03:54Z	schedule	guard-trip	det_master+det_old	DET_MASTER:rocky_10 164 183 19 0 11.6% 5.0% ;; DET_OLD:rocky_10 164 183 19 0 11.6% 5.0%	sha256:6099084d5e019b7e1d2a331f1065a2fff699eb8f299ccb919b4e8e191db82941
26990744163	DB	2026-06-05T01:58:21Z	schedule	guard-trip	det_master+det_old	DET_MASTER:rocky_10 164 183 19 0 11.6% 5.0% ;; DET_OLD:rocky_10 164 183 19 0 11.6% 5.0%	sha256:ca44c8fb7e473f50700c330f1a33c140f8e47d2da568eaeccfbf1b074eabb9bb
26993836340	DB(Nightly)	2026-06-05T03:38:11Z	schedule	guard-trip	det_master+det_old	DET_MASTER:rocky_10 164 183 19 0 11.6% 5.0% ;; DET_OLD:rocky_10 164 183 19 0 11.6% 5.0%	sha256:8ddc2bbde870dd0a0097cceca059b6f168d2235ab260543a8304a36deaab9d19
27049252968	DB	2026-06-06T01:50:03Z	schedule	guard-trip	det_master+det_old	DET_MASTER:rocky_10 183 199 16 0 8.7% 5.0% ;; DET_OLD:rocky_10 183 199 16 0 8.7% 5.0%	sha256:53496b5f3bf0f7e24497c86e3cc12c9675c0cadd80871748190ed7c17fb53c97
27051201875	DB(Nightly)	2026-06-06T03:22:00Z	schedule	guard-trip	det_master+det_old	DET_MASTER:rocky_10 183 199 16 0 8.7% 5.0% ;; DET_OLD:rocky_10 183 199 16 0 8.7% 5.0%	sha256:ff9e92b5e80e900bb520111d605cef9ed9e6a430d2f1603ac60be62ead44d058
27057257828	DB	2026-06-06T08:18:39Z	schedule	guard-trip	det_master+det_old	DET_MASTER:rocky_10 183 199 16 0 8.7% 5.0% ;; DET_OLD:rocky_10 183 199 16 0 8.7% 5.0%	sha256:91e084042bfe29766bfd024bdb9cd43f8049bd77aba07810cd1332398ed57d8a
27057512831	DB(Nightly)	2026-06-06T08:31:34Z	schedule	guard-trip	det_master+det_old	DET_MASTER:rocky_10 183 199 16 0 8.7% 5.0% ;; DET_OLD:rocky_10 183 199 16 0 8.7% 5.0%	sha256:9388165770f32b43e4791a7dd2762f92cb6595673d55f1bb72a665624c7f5cfd
27062966074	DB	2026-06-06T12:59:43Z	schedule	guard-trip	det_master+det_old	DET_MASTER:rocky_10 183 199 16 0 8.7% 5.0% ;; DET_OLD:rocky_10 183 199 16 0 8.7% 5.0%	sha256:b9f8eb1ecc6bfa5ce183fbd49c440c1b363d0301f3730cdb13f5393fb559ba5f
27063824876	DB(Nightly)	2026-06-06T13:39:26Z	schedule	guard-trip	det_master+det_old	DET_MASTER:rocky_10 183 199 16 0 8.7% 5.0% ;; DET_OLD:rocky_10 183 199 16 0 8.7% 5.0%	sha256:8474a8298bbe09d925854f5e72792e0febd3ea5a86586b50d0dade17fbddd515
27071057763	DB	2026-06-06T18:58:57Z	schedule	guard-trip	det_master+det_old	DET_MASTER:windows_11_21h2 472 832 360 0 76.3% 5.0% ;; DET_MASTER:windows_11_22h2 499 859 360 0 72.1% 5.0% ;; DET_MASTER:windows_10_20h2 717 1077 360 0 50.2% 5.0% ;; DET_MASTER:windows_11_25h2 721 1081 360 0 49.9% 5.0% ;; DET_MASTER:windows_11_23h2 722 1082 360 0 49.9% 5.0% ;; DET_MASTER:windows_server_2022 723 1083 360 0 49.8% 5.0% ;; DET_MASTER:windows_11_24h2 728 1088 360 0 49.5% 5.0% ;; DET_MASTER:windows_server_2022_sql_server_2019 1248 1608 360 0 28.8% 5.0% ;; DET_MASTER:windows_server_2025 1284 1644 360 0 28.0% 5.0% ;; DET_MASTER:windows_10_22h2 2198 2558 360 0 16.4% 5.0% ;; DET_MASTER:windows_10_21h1 2320 2680 360 0 15.5% 5.0% ;; DET_MASTER:windows_10_21h2 2821 3181 360 0 12.8% 5.0% ;; DET_MASTER:windows_10_21h2_old 3327 3687 360 0 10.8% 5.0% ;; DET_MASTER:rocky_10 183 199 16 0 8.7% 5.0% ;; DET_OLD:rocky_10 183 199 16 0 8.7% 5.0%	sha256:7877898b2c3f3225253c71634b68d28d16fcadac964081e0d75d205f07e995a6
27071532043	DB(Nightly)	2026-06-06T19:20:27Z	schedule	guard-trip	det_master+det_old	DET_MASTER:windows_11_21h2 472 832 360 0 76.3% 5.0% ;; DET_MASTER:windows_11_22h2 499 859 360 0 72.1% 5.0% ;; DET_MASTER:windows_10_20h2 717 1077 360 0 50.2% 5.0% ;; DET_MASTER:windows_11_25h2 721 1081 360 0 49.9% 5.0% ;; DET_MASTER:windows_11_23h2 722 1082 360 0 49.9% 5.0% ;; DET_MASTER:windows_server_2022 723 1083 360 0 49.8% 5.0% ;; DET_MASTER:windows_11_24h2 728 1088 360 0 49.5% 5.0% ;; DET_MASTER:windows_server_2022_sql_server_2019 1248 1608 360 0 28.8% 5.0% ;; DET_MASTER:windows_server_2025 1284 1644 360 0 28.0% 5.0% ;; DET_MASTER:windows_10_22h2 2198 2558 360 0 16.4% 5.0% ;; DET_MASTER:windows_10_21h1 2320 2680 360 0 15.5% 5.0% ;; DET_MASTER:windows_10_21h2 2821 3181 360 0 12.8% 5.0% ;; DET_MASTER:windows_10_21h2_old 3327 3687 360 0 10.8% 5.0% ;; DET_MASTER:rocky_10 183 199 16 0 8.7% 5.0% ;; DET_OLD:rocky_10 183 199 16 0 8.7% 5.0%	sha256:52d73212f673f148616671567721adf546a3a3b5ed9ece38621dbeba4d2cb6e8
27079891116	DB	2026-06-07T02:04:08Z	schedule	guard-trip	det_master+det_old	DET_MASTER:windows_11_21h2 472 832 360 0 76.3% 5.0% ;; DET_MASTER:windows_11_22h2 499 859 360 0 72.1% 5.0% ;; DET_MASTER:windows_10_20h2 717 1077 360 0 50.2% 5.0% ;; DET_MASTER:windows_11_25h2 721 1081 360 0 49.9% 5.0% ;; DET_MASTER:windows_11_23h2 722 1082 360 0 49.9% 5.0% ;; DET_MASTER:windows_server_2022 723 1083 360 0 49.8% 5.0% ;; DET_MASTER:windows_11_24h2 728 1088 360 0 49.5% 5.0% ;; DET_MASTER:windows_server_2022_sql_server_2019 1248 1608 360 0 28.8% 5.0% ;; DET_MASTER:windows_server_2025 1284 1644 360 0 28.0% 5.0% ;; DET_MASTER:windows_10_22h2 2198 2558 360 0 16.4% 5.0% ;; DET_MASTER:windows_10_21h1 2320 2680 360 0 15.5% 5.0% ;; DET_MASTER:windows_10_21h2 2821 3181 360 0 12.8% 5.0% ;; DET_MASTER:windows_10_21h2_old 3327 3687 360 0 10.8% 5.0% ;; DET_MASTER:rocky_10 183 199 16 0 8.7% 5.0% ;; DET_OLD:rocky_10 183 199 16 0 8.7% 5.0%	sha256:1abb2009683d8999dc3dd2e12d847a4dbc04a663e4c4a02e6ead1ce105c623a8
27081891842	DB(Nightly)	2026-06-07T03:47:55Z	schedule	guard-trip	det_master+det_old	DET_MASTER:windows_11_21h2 472 832 360 0 76.3% 5.0% ;; DET_MASTER:windows_11_22h2 499 859 360 0 72.1% 5.0% ;; DET_MASTER:windows_10_20h2 717 1077 360 0 50.2% 5.0% ;; DET_MASTER:windows_11_25h2 721 1081 360 0 49.9% 5.0% ;; DET_MASTER:windows_11_23h2 722 1082 360 0 49.9% 5.0% ;; DET_MASTER:windows_server_2022 723 1083 360 0 49.8% 5.0% ;; DET_MASTER:windows_11_24h2 728 1088 360 0 49.5% 5.0% ;; DET_MASTER:windows_server_2022_sql_server_2019 1248 1608 360 0 28.8% 5.0% ;; DET_MASTER:windows_server_2025 1284 1644 360 0 28.0% 5.0% ;; DET_MASTER:windows_10_22h2 2198 2558 360 0 16.4% 5.0% ;; DET_MASTER:windows_10_21h1 2320 2680 360 0 15.5% 5.0% ;; DET_MASTER:windows_10_21h2 2821 3181 360 0 12.8% 5.0% ;; DET_MASTER:windows_10_21h2_old 3327 3687 360 0 10.8% 5.0% ;; DET_MASTER:rocky_10 183 199 16 0 8.7% 5.0% ;; DET_OLD:rocky_10 183 199 16 0 8.7% 5.0%	sha256:d92dd1e0f1ba3807d5e2b12a1ec2b8cf2ed7e2628a638c465c0841fe779549a6
27087614878	DB	2026-06-07T08:39:51Z	schedule	guard-trip	det_master+det_old	DET_MASTER:windows_11_21h2 472 832 360 0 76.3% 5.0% ;; DET_MASTER:windows_11_22h2 499 859 360 0 72.1% 5.0% ;; DET_MASTER:windows_10_20h2 717 1077 360 0 50.2% 5.0% ;; DET_MASTER:windows_11_25h2 721 1081 360 0 49.9% 5.0% ;; DET_MASTER:windows_11_23h2 722 1082 360 0 49.9% 5.0% ;; DET_MASTER:windows_server_2022 723 1083 360 0 49.8% 5.0% ;; DET_MASTER:windows_11_24h2 728 1088 360 0 49.5% 5.0% ;; DET_MASTER:windows_server_2022_sql_server_2019 1248 1608 360 0 28.8% 5.0% ;; DET_MASTER:windows_server_2025 1284 1644 360 0 28.0% 5.0% ;; DET_MASTER:windows_10_22h2 2198 2558 360 0 16.4% 5.0% ;; DET_MASTER:windows_10_21h1 2320 2680 360 0 15.5% 5.0% ;; DET_MASTER:windows_10_21h2 2821 3181 360 0 12.8% 5.0% ;; DET_MASTER:windows_10_21h2_old 3327 3687 360 0 10.8% 5.0% ;; DET_MASTER:rocky_10 183 199 16 0 8.7% 5.0% ;; DET_OLD:rocky_10 183 199 16 0 8.7% 5.0%	sha256:8120bb575511ec284413966b5606822c4d0418c642c265cc9a77f73b9026a1e9
27087904777	DB(Nightly)	2026-06-07T08:53:34Z	schedule	guard-trip	det_master+det_old	DET_MASTER:windows_11_21h2 472 832 360 0 76.3% 5.0% ;; DET_MASTER:windows_11_22h2 499 859 360 0 72.1% 5.0% ;; DET_MASTER:windows_10_20h2 717 1077 360 0 50.2% 5.0% ;; DET_MASTER:windows_11_25h2 721 1081 360 0 49.9% 5.0% ;; DET_MASTER:windows_11_23h2 722 1082 360 0 49.9% 5.0% ;; DET_MASTER:windows_server_2022 723 1083 360 0 49.8% 5.0% ;; DET_MASTER:windows_11_24h2 728 1088 360 0 49.5% 5.0% ;; DET_MASTER:windows_server_2022_sql_server_2019 1248 1608 360 0 28.8% 5.0% ;; DET_MASTER:windows_server_2025 1284 1644 360 0 28.0% 5.0% ;; DET_MASTER:windows_10_22h2 2198 2558 360 0 16.4% 5.0% ;; DET_MASTER:windows_10_21h1 2320 2680 360 0 15.5% 5.0% ;; DET_MASTER:windows_10_21h2 2821 3181 360 0 12.8% 5.0% ;; DET_MASTER:windows_10_21h2_old 3327 3687 360 0 10.8% 5.0% ;; DET_MASTER:rocky_10 183 199 16 0 8.7% 5.0% ;; DET_OLD:rocky_10 183 199 16 0 8.7% 5.0%	sha256:80fd3e9dc766ebe311f066fcefcad27b44aa9a5191baed57022feb8a6fcf9928
27093550422	DB	2026-06-07T13:11:48Z	schedule	guard-trip	det_master+det_old	DET_MASTER:windows_11_21h2 472 832 360 0 76.3% 5.0% ;; DET_MASTER:windows_11_22h2 499 859 360 0 72.1% 5.0% ;; DET_MASTER:windows_10_20h2 717 1077 360 0 50.2% 5.0% ;; DET_MASTER:windows_11_25h2 721 1081 360 0 49.9% 5.0% ;; DET_MASTER:windows_11_23h2 722 1082 360 0 49.9% 5.0% ;; DET_MASTER:windows_server_2022 723 1083 360 0 49.8% 5.0% ;; DET_MASTER:windows_11_24h2 728 1088 360 0 49.5% 5.0% ;; DET_MASTER:windows_server_2022_sql_server_2019 1248 1608 360 0 28.8% 5.0% ;; DET_MASTER:windows_server_2025 1284 1644 360 0 28.0% 5.0% ;; DET_MASTER:windows_10_22h2 2198 2558 360 0 16.4% 5.0% ;; DET_MASTER:windows_10_21h1 2320 2680 360 0 15.5% 5.0% ;; DET_MASTER:windows_10_21h2 2821 3181 360 0 12.8% 5.0% ;; DET_MASTER:windows_10_21h2_old 3327 3687 360 0 10.8% 5.0% ;; DET_MASTER:rocky_10 183 199 16 0 8.7% 5.0% ;; DET_OLD:rocky_10 183 199 16 0 8.7% 5.0%	sha256:4475ea43810703b11814a586d140814b4dab37c62f5e424bc00b2123fcb59d02
27094410208	DB(Nightly)	2026-06-07T13:49:17Z	schedule	guard-trip	det_master+det_old	DET_MASTER:windows_11_21h2 472 832 360 0 76.3% 5.0% ;; DET_MASTER:windows_11_22h2 499 859 360 0 72.1% 5.0% ;; DET_MASTER:windows_10_20h2 717 1077 360 0 50.2% 5.0% ;; DET_MASTER:windows_11_25h2 721 1081 360 0 49.9% 5.0% ;; DET_MASTER:windows_11_23h2 722 1082 360 0 49.9% 5.0% ;; DET_MASTER:windows_server_2022 723 1083 360 0 49.8% 5.0% ;; DET_MASTER:windows_11_24h2 728 1088 360 0 49.5% 5.0% ;; DET_MASTER:windows_server_2022_sql_server_2019 1248 1608 360 0 28.8% 5.0% ;; DET_MASTER:windows_server_2025 1284 1644 360 0 28.0% 5.0% ;; DET_MASTER:windows_10_22h2 2198 2558 360 0 16.4% 5.0% ;; DET_MASTER:windows_10_21h1 2320 2680 360 0 15.5% 5.0% ;; DET_MASTER:windows_10_21h2 2821 3181 360 0 12.8% 5.0% ;; DET_MASTER:windows_10_21h2_old 3327 3687 360 0 10.8% 5.0% ;; DET_MASTER:rocky_10 183 199 16 0 8.7% 5.0% ;; DET_OLD:rocky_10 183 199 16 0 8.7% 5.0%	sha256:e86df71b6a41afdd69a2f3a9a17709f32235d2f1dc7de8711b5add8290777317
27101802780	DB	2026-06-07T18:59:59Z	schedule	guard-trip	det_master+det_old	DET_MASTER:windows_11_21h2 472 832 360 0 76.3% 5.0% ;; DET_MASTER:windows_11_22h2 499 859 360 0 72.1% 5.0% ;; DET_MASTER:windows_10_20h2 717 1077 360 0 50.2% 5.0% ;; DET_MASTER:windows_11_25h2 721 1081 360 0 49.9% 5.0% ;; DET_MASTER:windows_11_23h2 722 1082 360 0 49.9% 5.0% ;; DET_MASTER:windows_server_2022 723 1083 360 0 49.8% 5.0% ;; DET_MASTER:windows_11_24h2 728 1088 360 0 49.5% 5.0% ;; DET_MASTER:windows_server_2022_sql_server_2019 1248 1608 360 0 28.8% 5.0% ;; DET_MASTER:windows_server_2025 1284 1644 360 0 28.0% 5.0% ;; DET_MASTER:windows_10_22h2 2198 2558 360 0 16.4% 5.0% ;; DET_MASTER:windows_10_21h1 2320 2680 360 0 15.5% 5.0% ;; DET_MASTER:windows_10_21h2 2821 3181 360 0 12.8% 5.0% ;; DET_MASTER:windows_10_21h2_old 3327 3687 360 0 10.8% 5.0% ;; DET_MASTER:rocky_10 183 199 16 0 8.7% 5.0% ;; DET_OLD:rocky_10 183 199 16 0 8.7% 5.0%	sha256:03a0ea7802240cd4e5bd71bc92f43d213a2d93d83467ad6c5d6620362cd0ee2b
27102274486	DB(Nightly)	2026-06-07T19:19:46Z	schedule	guard-trip	det_master+det_old	DET_MASTER:windows_11_21h2 472 832 360 0 76.3% 5.0% ;; DET_MASTER:windows_11_22h2 499 859 360 0 72.1% 5.0% ;; DET_MASTER:windows_10_20h2 717 1077 360 0 50.2% 5.0% ;; DET_MASTER:windows_11_25h2 721 1081 360 0 49.9% 5.0% ;; DET_MASTER:windows_11_23h2 722 1082 360 0 49.9% 5.0% ;; DET_MASTER:windows_server_2022 723 1083 360 0 49.8% 5.0% ;; DET_MASTER:windows_11_24h2 728 1088 360 0 49.5% 5.0% ;; DET_MASTER:windows_server_2022_sql_server_2019 1248 1608 360 0 28.8% 5.0% ;; DET_MASTER:windows_server_2025 1284 1644 360 0 28.0% 5.0% ;; DET_MASTER:windows_10_22h2 2198 2558 360 0 16.4% 5.0% ;; DET_MASTER:windows_10_21h1 2320 2680 360 0 15.5% 5.0% ;; DET_MASTER:windows_10_21h2 2821 3181 360 0 12.8% 5.0% ;; DET_MASTER:windows_10_21h2_old 3327 3687 360 0 10.8% 5.0% ;; DET_MASTER:rocky_10 183 199 16 0 8.7% 5.0% ;; DET_OLD:rocky_10 183 199 16 0 8.7% 5.0%	sha256:58d41462e694eee03f95b7ce29e288011a6425120e0e6811118f9e32ac3ad26b
27112097210	DB	2026-06-08T02:08:43Z	schedule	guard-trip	det_master+det_old	DET_MASTER:windows_11_21h2 472 832 360 0 76.3% 5.0% ;; DET_MASTER:windows_11_22h2 499 859 360 0 72.1% 5.0% ;; DET_MASTER:windows_10_20h2 717 1077 360 0 50.2% 5.0% ;; DET_MASTER:windows_11_25h2 721 1081 360 0 49.9% 5.0% ;; DET_MASTER:windows_11_23h2 722 1082 360 0 49.9% 5.0% ;; DET_MASTER:windows_server_2022 723 1083 360 0 49.8% 5.0% ;; DET_MASTER:windows_11_24h2 728 1088 360 0 49.5% 5.0% ;; DET_MASTER:windows_server_2022_sql_server_2019 1248 1608 360 0 28.8% 5.0% ;; DET_MASTER:windows_server_2025 1284 1644 360 0 28.0% 5.0% ;; DET_MASTER:windows_10_22h2 2198 2558 360 0 16.4% 5.0% ;; DET_MASTER:windows_10_21h1 2320 2680 360 0 15.5% 5.0% ;; DET_MASTER:windows_10_21h2 2821 3181 360 0 12.8% 5.0% ;; DET_MASTER:windows_10_21h2_old 3327 3687 360 0 10.8% 5.0% ;; DET_MASTER:rocky_10 183 199 16 0 8.7% 5.0% ;; DET_OLD:rocky_10 183 199 16 0 8.7% 5.0%	sha256:bfbdad3d811f36d38e5763ec6f9bb8cb727dff2782e9eb351983efab7d973548
27304209180	DB(Nightly)	2026-06-10T20:27:40Z	schedule	guard-trip	det_master	DET_MASTER:windows_11_25h2 1081 1235 154 0 14.2% 5.0% ;; DET_MASTER:windows_11_24h2 1088 1242 154 0 14.2% 5.0% ;; DET_MASTER:windows_server_2022 1083 1235 152 0 14.0% 5.0% ;; DET_MASTER:windows_11_23h2 1082 1230 148 0 13.7% 5.0% ;; DET_MASTER:windows_server_2025 1644 1802 158 0 9.6% 5.0% ;; DET_MASTER:windows_server_2022_sql_server_2019 1608 1760 152 0 9.5% 5.0% ;; DET_MASTER:windows_server_2019 1270 1360 90 0 7.1% 5.0% ;; DET_MASTER:windows_11_21h2 832 879 47 0 5.6% 5.0% ;; DET_MASTER:windows_11_22h2 859 907 48 0 5.6% 5.0% ;; DET_MASTER:windows_server_2012 1119 1181 62 0 5.5% 5.0% ;; DET_MASTER:windows_server_2012_r2 1176 1241 65 0 5.5% 5.0% ;; DET_MASTER:windows_10_22h2 2558 2697 139 0 5.4% 5.0% ;; DET_MASTER:windows_server_2016 1430 1506 76 0 5.3% 5.0%	sha256:c8279bf817f953d7fbdbaed177bc66f3a81c38b3f974c906744edf3a76b931e2
27322596814	DB(Nightly)	2026-06-11T03:52:30Z	schedule	guard-trip	det_master	DET_MASTER:windows_11_25h2 1081 1235 154 0 14.2% 5.0% ;; DET_MASTER:windows_11_24h2 1088 1242 154 0 14.2% 5.0% ;; DET_MASTER:windows_server_2022 1083 1235 152 0 14.0% 5.0% ;; DET_MASTER:windows_11_23h2 1082 1230 148 0 13.7% 5.0% ;; DET_MASTER:windows_server_2025 1644 1802 158 0 9.6% 5.0% ;; DET_MASTER:windows_server_2022_sql_server_2019 1608 1760 152 0 9.5% 5.0% ;; DET_MASTER:windows_server_2019 1270 1360 90 0 7.1% 5.0% ;; DET_MASTER:windows_11_21h2 832 879 47 0 5.6% 5.0% ;; DET_MASTER:windows_11_22h2 859 907 48 0 5.6% 5.0% ;; DET_MASTER:windows_server_2012 1119 1181 62 0 5.5% 5.0% ;; DET_MASTER:windows_server_2012_r2 1176 1241 65 0 5.5% 5.0% ;; DET_MASTER:windows_10_22h2 2558 2697 139 0 5.4% 5.0% ;; DET_MASTER:windows_server_2016 1430 1506 76 0 5.3% 5.0%	sha256:da92fa319c15f9461afc7c88a381656e5d25fe8d324a2a5bd59d574b35e9041c
27374885097	DB(Nightly)	2026-06-11T20:19:33Z	schedule	guard-trip	db	DB:cpe 25.3% 0.0% 10.0%	sha256:74ddb522fa0597ab161053dcc74bf2cd7d7127f98de77d7cbcda15a56885ff0e
27408164851	DB	2026-06-12T09:48:45Z	schedule	guard-trip	det_master	DET_MASTER:windows_server_2008_r2 2524 3201 677 0 26.8% 10.0% ;; DET_MASTER:windows_server_2012_r2 1241 1366 125 0 10.1% 10.0%	sha256:e0d0b834b3453fd9279eda88866a2facccb9a278da30103419ca1c8e6ead033c
27421910732	DB	2026-06-12T14:25:18Z	schedule	guard-trip	det_master	DET_MASTER:windows_server_2008_r2 2524 3201 677 0 26.8% 10.0% ;; DET_MASTER:windows_server_2012_r2 1241 1366 125 0 10.1% 10.0%	sha256:2e99fb20ded3fb0ad0e0606bc3236fce9f589f026ccf6b2534b268038839e4fe
27461923764	DB	2026-06-13T08:41:28Z	schedule	guard-trip	det_master+det_old	DET_MASTER:rocky_10 205 227 22 0 10.7% 5.0% ;; DET_OLD:rocky_10 205 227 22 0 10.7% 5.0%	sha256:ac08a9cff54fb0edc0bb51a170324d38e3f064c33d61b9987f39b028442348d0
27467829693	DB	2026-06-13T13:15:41Z	schedule	guard-trip	det_master+det_old	DET_MASTER:rocky_10 205 227 22 0 10.7% 5.0% ;; DET_OLD:rocky_10 205 227 22 0 10.7% 5.0%	sha256:19071ba54a992f29b39cc75bb80e1b8877046b78276666bb67d20cac7b3afd01
27476125166	DB	2026-06-13T19:01:44Z	schedule	guard-trip	det_master+det_old	DET_MASTER:rocky_10 205 227 22 0 10.7% 5.0% ;; DET_OLD:rocky_10 205 227 22 0 10.7% 5.0%	sha256:9226b5649053995561d2f1b61e57d4745a0448b54ad46237310539f6684e8c57
27485522819	DB	2026-06-14T02:07:22Z	schedule	guard-trip	det_master+det_old	DET_MASTER:rocky_10 205 227 22 0 10.7% 5.0% ;; DET_OLD:rocky_10 205 227 22 0 10.7% 5.0%	sha256:19723b86bbc7b13ddd06beecb1a00b09402bd1e5a89ac02edc0f112fa32d7ae5
27487681328	DB(Nightly)	2026-06-14T03:57:29Z	schedule	guard-trip	det_master+det_old+db	DET_MASTER:rocky_10 205 227 22 0 10.7% 5.0% ;; DET_OLD:rocky_10 205 227 22 0 10.7% 5.0% ;; DB:cpe 40.1% 0.0% 10.0%	sha256:ee65871b40fe4b914cce6a633edbf9c7a4eaa9452197b8839aaa52d165350d0c
27493899132	DB	2026-06-14T08:56:45Z	schedule	guard-trip	det_master+det_old	DET_MASTER:rocky_10 205 227 22 0 10.7% 5.0% ;; DET_OLD:rocky_10 205 227 22 0 10.7% 5.0%	sha256:b18a445a84c6c13fc65dd5bd39c09df9445a3dc2e6c620da07fcdb62269789c3
27494705948	DB(Nightly)	2026-06-14T09:31:07Z	schedule	guard-trip	det_master+det_old+db	DET_MASTER:rocky_10 205 227 22 0 10.7% 5.0% ;; DET_OLD:rocky_10 205 227 22 0 10.7% 5.0% ;; DB:cpe 40.1% 0.0% 10.0%	sha256:d32dd6b4f117b54aa7f991ed55d2dbd6160f6d02ac2a96e51d6f4c0f031039c3
27500169300	DB	2026-06-14T13:20:46Z	schedule	guard-trip	det_master+det_old	DET_MASTER:rocky_10 205 227 22 0 10.7% 5.0% ;; DET_OLD:rocky_10 205 227 22 0 10.7% 5.0%	sha256:edda5b346a785672785dd3e56cf47fd28a8bce460442120555a098b04a292fe5
27501135461	DB(Nightly)	2026-06-14T13:59:39Z	schedule	guard-trip	det_master+det_old+db	DET_MASTER:rocky_10 205 227 22 0 10.7% 5.0% ;; DET_OLD:rocky_10 205 227 22 0 10.7% 5.0% ;; DB:cpe 40.1% 0.0% 10.0%	sha256:b27e72db50d8784b2b29647a34caa082281b682d96536255ec478a1e94919b83
27508894556	DB	2026-06-14T19:01:37Z	schedule	guard-trip	det_master+det_old	DET_MASTER:rocky_10 205 227 22 0 10.7% 5.0% ;; DET_OLD:rocky_10 205 227 22 0 10.7% 5.0%	sha256:903923f681fb3e716409b84d72fed07fdd98eb65349e59268b2c24a4aad9637e
27509471924	DB(Nightly)	2026-06-14T19:24:22Z	schedule	guard-trip	det_master+det_old+db	DET_MASTER:rocky_10 205 227 22 0 10.7% 5.0% ;; DET_OLD:rocky_10 205 227 22 0 10.7% 5.0% ;; DB:cpe 40.1% 0.0% 10.0%	sha256:d6aa51e4893b6f8e1ccc25a06baaed8e177b632c57ff41cc61fc5960314e9a48
27543531869	DB	2026-06-15T11:36:48Z	schedule	guard-trip	db	DB:fedora:45 264.5% 0.0% 50.0%	sha256:1971ca33bbd508f5a565238828bef2fd4a8ec7af353d00cd880690724d77f985
27545236545	DB(Nightly)	2026-06-15T12:09:50Z	schedule	guard-trip	db	DB:fedora:45 264.5% 0.0% 50.0%	sha256:15a536f8645fb7805de74104a8ecad3068f913e3cd906de3eb4484135ed9e8dd
27561809527	DB	2026-06-15T16:46:28Z	schedule	guard-trip	db	DB:fedora:45 264.5% 0.0% 50.0%	sha256:f89a679199f9cc8f134a551b4d7261a06354a2afebe5438dd5117200bc297a27
27574991171	DB	2026-06-15T20:40:43Z	schedule	guard-trip	db	DB:fedora:45 264.5% 0.0% 50.0%	sha256:5736ed4e1c1d4d618714277c1a5b45922ecaf5274ec8733cea826a1dc57df7ac
27575679512	DB(Nightly)	2026-06-15T20:53:03Z	schedule	guard-trip	db	DB:fedora:45 264.5% 0.0% 50.0%	sha256:2c1bb1a8efc7b9f44af1d80b5cd52ca11b80d62fa984482ce308d0821b9484c2
27589528643	DB	2026-06-16T02:15:11Z	schedule	guard-trip	db	DB:fedora:45 268.8% 0.0% 50.0%	sha256:95a6038a388ea769a635098524615a645963c32443fe446e383165667fc4f6ee
27593150221	DB(Nightly)	2026-06-16T03:59:17Z	schedule	guard-trip	db	DB:fedora:45 268.8% 0.0% 50.0%	sha256:0133aa170bb2e21af28de1bed657047df96e0e35b322f89879873ef0cd8a5291
27612127485	DB	2026-06-16T10:46:29Z	schedule	guard-trip	det_master	DET_MASTER:windows_11_21h2 879 472 0 407 46.3% 10.0% ;; DET_MASTER:windows_11_22h2 907 499 0 408 45.0% 10.0% ;; DET_MASTER:windows_11_25h2 1235 722 0 513 41.5% 20.0% ;; DET_MASTER:windows_server_2022 1235 723 0 512 41.5% 20.0% ;; DET_MASTER:windows_11_24h2 1242 729 0 513 41.3% 20.0% ;; DET_MASTER:windows_11_23h2 1230 723 0 507 41.2% 20.0% ;; DET_MASTER:windows_10_20h2 1124 717 0 407 36.2% 10.0% ;; DET_MASTER:windows_server_2022_sql_server_2019 1760 1248 0 512 29.1% 20.0% ;; DET_MASTER:windows_server_2025 1802 1285 0 517 28.7% 20.0% ;; DET_MASTER:windows_10_22h2 2697 2198 0 499 18.5% 10.0% ;; DET_MASTER:windows_10_21h2 3320 2821 0 499 15.0% 10.0% ;; DET_MASTER:windows_10_21h1 2727 2320 0 407 14.9% 10.0% ;; DET_MASTER:windows_10_21h2_old 3831 3327 0 504 13.2% 10.0%	sha256:9c787a97f9e8bb2391e26752b4831008b311c520d686d3c1a9fd8620b398d586
27613206360	DB(Nightly)	2026-06-16T11:07:27Z	schedule	guard-trip	det_master	DET_MASTER:windows_11_21h2 879 472 0 407 46.3% 10.0% ;; DET_MASTER:windows_11_22h2 907 499 0 408 45.0% 10.0% ;; DET_MASTER:windows_11_25h2 1235 722 0 513 41.5% 20.0% ;; DET_MASTER:windows_server_2022 1235 723 0 512 41.5% 20.0% ;; DET_MASTER:windows_11_24h2 1242 729 0 513 41.3% 20.0% ;; DET_MASTER:windows_11_23h2 1230 723 0 507 41.2% 20.0% ;; DET_MASTER:windows_10_20h2 1124 717 0 407 36.2% 10.0% ;; DET_MASTER:windows_server_2022_sql_server_2019 1760 1248 0 512 29.1% 20.0% ;; DET_MASTER:windows_server_2025 1802 1285 0 517 28.7% 20.0% ;; DET_MASTER:windows_10_22h2 2697 2198 0 499 18.5% 10.0% ;; DET_MASTER:windows_10_21h2 3320 2821 0 499 15.0% 10.0% ;; DET_MASTER:windows_10_21h1 2727 2320 0 407 14.9% 10.0% ;; DET_MASTER:windows_10_21h2_old 3831 3327 0 504 13.2% 10.0%	sha256:51bb907f204d0a5b08392f5308e36c93eab8ab22f1e786700940c413f1c52435
27631683166	DB	2026-06-16T16:15:07Z	schedule	guard-trip	det_master	DET_MASTER:windows_11_21h2 879 472 0 407 46.3% 10.0% ;; DET_MASTER:windows_11_22h2 907 499 0 408 45.0% 10.0% ;; DET_MASTER:windows_11_25h2 1235 722 0 513 41.5% 20.0% ;; DET_MASTER:windows_server_2022 1235 723 0 512 41.5% 20.0% ;; DET_MASTER:windows_11_24h2 1242 729 0 513 41.3% 20.0% ;; DET_MASTER:windows_11_23h2 1230 723 0 507 41.2% 20.0% ;; DET_MASTER:windows_10_20h2 1124 717 0 407 36.2% 10.0% ;; DET_MASTER:windows_server_2022_sql_server_2019 1760 1248 0 512 29.1% 20.0% ;; DET_MASTER:windows_server_2025 1802 1285 0 517 28.7% 20.0% ;; DET_MASTER:windows_10_22h2 2697 2198 0 499 18.5% 10.0% ;; DET_MASTER:windows_10_21h2 3320 2821 0 499 15.0% 10.0% ;; DET_MASTER:windows_10_21h1 2727 2320 0 407 14.9% 10.0% ;; DET_MASTER:windows_10_21h2_old 3831 3327 0 504 13.2% 10.0%	sha256:6924ac8d7da738a552914bebc4f2ebae445df135096fc1d57531c07a472d9752
27633667499	DB(Nightly)	2026-06-16T16:48:33Z	schedule	guard-trip	det_master	DET_MASTER:windows_11_21h2 879 472 0 407 46.3% 10.0% ;; DET_MASTER:windows_11_22h2 907 499 0 408 45.0% 10.0% ;; DET_MASTER:windows_11_25h2 1235 722 0 513 41.5% 20.0% ;; DET_MASTER:windows_server_2022 1235 723 0 512 41.5% 20.0% ;; DET_MASTER:windows_11_24h2 1242 729 0 513 41.3% 20.0% ;; DET_MASTER:windows_11_23h2 1230 723 0 507 41.2% 20.0% ;; DET_MASTER:windows_10_20h2 1124 717 0 407 36.2% 10.0% ;; DET_MASTER:windows_server_2022_sql_server_2019 1760 1248 0 512 29.1% 20.0% ;; DET_MASTER:windows_server_2025 1802 1285 0 517 28.7% 20.0% ;; DET_MASTER:windows_10_22h2 2697 2198 0 499 18.5% 10.0% ;; DET_MASTER:windows_10_21h2 3320 2821 0 499 15.0% 10.0% ;; DET_MASTER:windows_10_21h1 2727 2320 0 407 14.9% 10.0% ;; DET_MASTER:windows_10_21h2_old 3831 3327 0 504 13.2% 10.0%	sha256:e82415a42008adc3020170652b532457c3c5e035bdb51cabb683831a186f1b9f
27646259547	DB	2026-06-16T20:32:18Z	schedule	guard-trip	det_master	DET_MASTER:windows_11_21h2 879 472 0 407 46.3% 10.0% ;; DET_MASTER:windows_11_22h2 907 499 0 408 45.0% 10.0% ;; DET_MASTER:windows_11_25h2 1235 722 0 513 41.5% 20.0% ;; DET_MASTER:windows_server_2022 1235 723 0 512 41.5% 20.0% ;; DET_MASTER:windows_11_24h2 1242 729 0 513 41.3% 20.0% ;; DET_MASTER:windows_11_23h2 1230 723 0 507 41.2% 20.0% ;; DET_MASTER:windows_10_20h2 1124 717 0 407 36.2% 10.0% ;; DET_MASTER:windows_server_2022_sql_server_2019 1760 1248 0 512 29.1% 20.0% ;; DET_MASTER:windows_server_2025 1802 1285 0 517 28.7% 20.0% ;; DET_MASTER:windows_10_22h2 2697 2198 0 499 18.5% 10.0% ;; DET_MASTER:windows_10_21h2 3320 2821 0 499 15.0% 10.0% ;; DET_MASTER:windows_10_21h1 2727 2320 0 407 14.9% 10.0% ;; DET_MASTER:windows_10_21h2_old 3831 3327 0 504 13.2% 10.0%	sha256:ff6889e11c00ca49b6fe40d98dcd6cfb10655e89a7343f93f5aee05e73222b58
27647167088	DB(Nightly)	2026-06-16T20:48:21Z	schedule	guard-trip	det_master	DET_MASTER:windows_11_21h2 879 472 0 407 46.3% 10.0% ;; DET_MASTER:windows_11_22h2 907 499 0 408 45.0% 10.0% ;; DET_MASTER:windows_11_25h2 1235 722 0 513 41.5% 20.0% ;; DET_MASTER:windows_server_2022 1235 723 0 512 41.5% 20.0% ;; DET_MASTER:windows_11_24h2 1242 729 0 513 41.3% 20.0% ;; DET_MASTER:windows_11_23h2 1230 723 0 507 41.2% 20.0% ;; DET_MASTER:windows_10_20h2 1124 717 0 407 36.2% 10.0% ;; DET_MASTER:windows_server_2022_sql_server_2019 1760 1248 0 512 29.1% 20.0% ;; DET_MASTER:windows_server_2025 1802 1285 0 517 28.7% 20.0% ;; DET_MASTER:windows_10_22h2 2697 2198 0 499 18.5% 10.0% ;; DET_MASTER:windows_10_21h2 3320 2821 0 499 15.0% 10.0% ;; DET_MASTER:windows_10_21h1 2727 2320 0 407 14.9% 10.0% ;; DET_MASTER:windows_10_21h2_old 3831 3327 0 504 13.2% 10.0%	sha256:b8c1fee3b0f80ba5b7619d293b389efa0f5b7ea52427bb36175056cf1407fc45
27664852032	DB(Nightly)	2026-06-17T04:00:42Z	schedule	guard-trip	db	DB:cpe 122.7% 0.0% 10.0%	sha256:96bf8d9c76db95c56dc945b37054b00fe259f91e50ead31575573df1a8c2634d
27682055720	DB	2026-06-17T10:19:20Z	schedule	guard-trip	db	DB:fedora:45 72.5% 0.0% 50.0%	sha256:a0d2fc8a157f2e71146df22c67c274b83bebb3bdc5a20ac4ceff2aeb443217b2
27683775550	DB(Nightly)	2026-06-17T10:52:33Z	schedule	guard-trip	db	DB:fedora:45 72.5% 0.0% 50.0%	sha256:fabfeff830825d21a5fca87c4144fc43bae800ac1933b3715e13c39ca7989d3c
27697267205	DB	2026-06-17T14:41:51Z	schedule	guard-trip	db	DB:fedora:45 72.5% 0.0% 50.0%	sha256:33736bbc7d9613b897ed2d91a0c18efefb74ee1a848fcabcd850aba30cbfeb08
27700138176	DB(Nightly)	2026-06-17T15:25:29Z	schedule	guard-trip	db	DB:fedora:45 72.5% 0.0% 50.0%	sha256:537eed101de28aafbca6c30a01ab70943424fe726ff822299d76aa6f8d05cced
27715637419	DB	2026-06-17T19:52:35Z	schedule	guard-trip	db	DB:fedora:45 72.5% 0.0% 50.0%	sha256:1c66a9df131e16709cf758c2c3cca8ddc4a982a13354d560b6913a05ccacb24a
27716617109	DB(Nightly)	2026-06-17T20:09:38Z	schedule	guard-trip	db	DB:fedora:45 72.5% 0.0% 50.0%	sha256:585a4d1da2edc955b1b613ac2d55474eebe48a926ea3af96dfa6f58b6a4bd4f7
27801929985	DB	2026-06-19T02:36:32Z	schedule	guard-trip	db	DB:fedora:45 274.5% 0.0% 50.0%	sha256:808d7b35d51bea5b915a9ef12f43390b40079a4ace194b081a4b0cfd2c4b1860
27804864132	DB(Nightly)	2026-06-19T04:11:10Z	schedule	guard-trip	db	DB:fedora:45 274.5% 0.0% 50.0%	sha256:14b9a83d9ffc8bbf07435068451fdf3dac53514c1f409c621e1b88b513d461ed
27820095561	DB(Nightly)	2026-06-19T10:23:45Z	schedule	guard-trip	db	DB:cpe 18.6% 0.0% 10.0%	sha256:b31bf02a26d2c66bb61dcafc0058ef295a7acbce57bcdf8fc8521278f58e8411
27833776022	DB(Nightly)	2026-06-19T15:12:25Z	schedule	guard-trip	db	DB:cpe 18.6% 0.0% 10.0%	sha256:8c575f708ad37d6b4d79215879e579f6e009d11b49bae9c7212b23058f4012f9
27845426141	DB(Nightly)	2026-06-19T19:47:35Z	schedule	guard-trip	db	DB:cpe 18.6% 0.0% 10.0%	sha256:0aa8d077e0cf50479a896168741fc41beee682bb7964acefd23d9e46c9746d3f
27858960676	DB(Nightly)	2026-06-20T03:33:54Z	schedule	guard-trip	db	DB:cpe 18.6% 0.0% 10.0%	sha256:88fe546e0dc1e95854a5b52bfb06c9666be386b27a5631b370857f330a0ec2dd
27866208922	DB(Nightly)	2026-06-20T08:53:32Z	schedule	guard-trip	db	DB:cpe 18.6% 0.0% 10.0%	sha256:e0954225b397df6627501c29e5cc68b86da09d4f02eb3723913fbd3f999f0b2f
27873353840	DB(Nightly)	2026-06-20T14:00:07Z	schedule	guard-trip	db	DB:cpe 18.6% 0.0% 10.0%	sha256:51a250aa231d3e216529344a5898e991c90a5a0713d964f5373a09b3d43ad666
27881411927	DB(Nightly)	2026-06-20T19:24:02Z	schedule	guard-trip	db	DB:cpe 18.6% 0.0% 10.0%	sha256:e065b4d30a0a615b965f2a4c7ea8cfe044b2667a8307c607bb7a5028d37134c7
27893020330	DB(Nightly)	2026-06-21T04:05:42Z	schedule	guard-trip	db	DB:cpe 18.6% 0.0% 10.0%	sha256:059672456ab9fc9226cf2a30fb62025f69b7539d9b829c3a25db44789585f77e
27900521623	DB(Nightly)	2026-06-21T09:47:29Z	schedule	guard-trip	db	DB:cpe 18.6% 0.0% 10.0%	sha256:e82939290c27f37f783f8b7bd31538920f7e7074d6d889b4c1e9a7a9790cbe1b
27906882350	DB(Nightly)	2026-06-21T14:07:54Z	schedule	guard-trip	db	DB:cpe 18.6% 0.0% 10.0%	sha256:efa227c08b9b1f3f52cc3f2fb224481beef1c4141758323d23393d63a05b525c
27915011957	DB(Nightly)	2026-06-21T19:27:29Z	schedule	guard-trip	db	DB:cpe 18.6% 0.0% 10.0%	sha256:262696047a4b667d4d2d760a02a59a19beac596d6c77538fd9c542700bc71a6f
28014227227	DB	2026-06-23T08:51:13Z	schedule	guard-trip	det_master+det_old	DET_MASTER:amazon_2023 2080 2233 153 0 7.4% 5.0% ;; DET_MASTER:amazon_2_extra_kernel 1299 1367 68 0 5.2% 5.0% ;; DET_OLD:amazon_2023 2080 2233 153 0 7.4% 5.0% ;; DET_OLD:amazon_2_extra_kernel 1299 1367 68 0 5.2% 5.0%	sha256:d2155fc061105ad241adeb67d86f22bfcbc081097c0ae5818feca38058194892
28073116004	DB(Nightly)	2026-06-24T03:29:33Z	schedule	guard-trip	det_master+det_old+db	DET_MASTER:amazon_2023 2080 2233 153 0 7.4% 5.0% ;; DET_MASTER:amazon_2_extra_kernel 1299 1367 68 0 5.2% 5.0% ;; DET_OLD:amazon_2023 2080 2233 153 0 7.4% 5.0% ;; DET_OLD:amazon_2_extra_kernel 1299 1367 68 0 5.2% 5.0% ;; DB:cpe 18.0% 0.0% 10.0%	sha256:b7aa596471c7ceb87e3c842a1888ced3bb7cd91887eaca6aeab50ffdea8b8b13
28088751207	DB(Nightly)	2026-06-24T09:26:10Z	schedule	guard-trip	det_master+det_old+db	DET_MASTER:amazon_2023 2080 2233 153 0 7.4% 5.0% ;; DET_MASTER:amazon_2_extra_kernel 1299 1367 68 0 5.2% 5.0% ;; DET_OLD:amazon_2023 2080 2233 153 0 7.4% 5.0% ;; DET_OLD:amazon_2_extra_kernel 1299 1367 68 0 5.2% 5.0% ;; DB:cpe 18.0% 0.0% 10.0%	sha256:f6f66b0051f6367801a859ba26693104b5a544a85c11f8ee06d0aa5e8e2759ff
28105735346	DB(Nightly)	2026-06-24T14:26:13Z	schedule	guard-trip	det_master+det_old+db	DET_MASTER:amazon_2023 2080 2233 153 0 7.4% 5.0% ;; DET_MASTER:amazon_2_extra_kernel 1299 1367 68 0 5.2% 5.0% ;; DET_OLD:amazon_2023 2080 2233 153 0 7.4% 5.0% ;; DET_OLD:amazon_2_extra_kernel 1299 1367 68 0 5.2% 5.0% ;; DB:cpe 18.0% 0.0% 10.0%	sha256:5944dcd0abbb9bfe24714bf8a4ef635bcdab0e739c40d3252b6a5103bacdf4f0
28125012733	DB(Nightly)	2026-06-24T19:43:36Z	schedule	guard-trip	det_master+det_old+db	DET_MASTER:amazon_2023 2080 2233 153 0 7.4% 5.0% ;; DET_MASTER:amazon_2_extra_kernel 1299 1367 68 0 5.2% 5.0% ;; DET_OLD:amazon_2023 2080 2233 153 0 7.4% 5.0% ;; DET_OLD:amazon_2_extra_kernel 1299 1367 68 0 5.2% 5.0% ;; DB:cpe 18.0% 0.0% 10.0%	sha256:f3aff0464ef146737070da1d477aa51a809e961ab0e2ce659070090489202257
28274988794	DB	2026-06-27T01:50:25Z	schedule	guard-trip	det_master+det_old	DET_MASTER:ubuntu_2604 681 1044 363 0 53.3% 50.0% ;; DET_OLD:ubuntu_2604 681 1044 363 0 53.3% 50.0%	sha256:5d57dd07c68e35c5360ddb2135c161e4d91af19e5cc4d560ae0b786d8272c65c
28283711604	DB	2026-06-27T08:20:25Z	schedule	guard-trip	det_master+det_old	DET_MASTER:ubuntu_2604 681 1044 363 0 53.3% 50.0% ;; DET_OLD:ubuntu_2604 681 1044 363 0 53.3% 50.0%	sha256:177774c8aff7099ce5cb635a7cc47bdef9270ffad7c940eb84d7af7c4d15b9fd
28289963167	DB	2026-06-27T13:00:54Z	schedule	guard-trip	det_master+det_old	DET_MASTER:ubuntu_2604 681 1044 363 0 53.3% 50.0% ;; DET_OLD:ubuntu_2604 681 1044 363 0 53.3% 50.0%	sha256:2508191d2849649e84347a8092c69b069383ba3d5d14127ead00c041b4ba005c
28298677098	DB	2026-06-27T18:57:31Z	schedule	guard-trip	det_master+det_old	DET_MASTER:ubuntu_2604 681 1044 363 0 53.3% 50.0% ;; DET_OLD:ubuntu_2604 681 1044 363 0 53.3% 50.0%	sha256:41a2ceb274bd3b61db79812c2c9f68d0b1fe4dee6d11cefcfe55d8f8bc7117ff
28308259332	DB	2026-06-28T02:00:33Z	schedule	guard-trip	det_master+det_old+db	DET_MASTER:ubuntu_2604 681 1044 363 0 53.3% 50.0% ;; DET_OLD:ubuntu_2604 681 1044 363 0 53.3% 50.0% ;; DB:redhat:5 15.2% 0.0% 10.0% ;; DB:redhat:7 10.7% 0.0% 10.0%	sha256:ab988f12eb028113a6c43cd17f5f1d8be056e4203a83c66df14ba9dda703aea8
28316679710	DB	2026-06-28T08:35:52Z	schedule	guard-trip	det_master+det_old+db	DET_MASTER:ubuntu_2604 681 1044 363 0 53.3% 50.0% ;; DET_OLD:ubuntu_2604 681 1044 363 0 53.3% 50.0% ;; DB:redhat:5 21.9% 0.0% 10.0% ;; DB:redhat:4 17.8% 0.0% 10.0% ;; DB:redhat:6 13.5% 0.0% 10.0% ;; DB:redhat:7 13.4% 0.0% 10.0%	sha256:4111eda86b3d3ca486122c4ee3130661e0d365005b5c37b7f0ccfef193feb8ea
28323196846	DB	2026-06-28T13:06:01Z	schedule	guard-trip	det_master+det_old+db	DET_MASTER:ubuntu_2604 681 1044 363 0 53.3% 50.0% ;; DET_OLD:ubuntu_2604 681 1044 363 0 53.3% 50.0% ;; DB:redhat:5 21.9% 0.0% 10.0% ;; DB:redhat:4 17.8% 0.0% 10.0% ;; DB:redhat:6 13.5% 0.0% 10.0% ;; DB:redhat:7 13.4% 0.0% 10.0%	sha256:d07931f295c4342ef74ebdda8298901403c9018e6c12f29c6c71a49f5d09585f
28332593350	DB	2026-06-28T18:56:56Z	schedule	guard-trip	det_master+det_old+db	DET_MASTER:ubuntu_2604 681 1044 363 0 53.3% 50.0% ;; DET_OLD:ubuntu_2604 681 1044 363 0 53.3% 50.0% ;; DB:redhat:5 21.9% 0.0% 10.0% ;; DB:redhat:4 17.8% 0.0% 10.0% ;; DB:redhat:6 13.5% 0.0% 10.0% ;; DB:redhat:7 13.4% 0.0% 10.0%	sha256:a2e7a0cc1436f0babbda4776febee800590e401d4ea2df7e831f7132db1b88d6
28344012038	DB	2026-06-29T02:01:50Z	schedule	guard-trip	det_master+det_old+db	DET_MASTER:ubuntu_2604 681 1044 363 0 53.3% 50.0% ;; DET_OLD:ubuntu_2604 681 1044 363 0 53.3% 50.0% ;; DB:redhat:5 21.9% 0.0% 10.0% ;; DB:redhat:4 17.8% 0.0% 10.0% ;; DB:redhat:6 13.5% 0.0% 10.0% ;; DB:redhat:7 13.4% 0.0% 10.0%	sha256:272abde3eee61b291048f63392ea66dcb8a7254f0b1a8e86077ea6c3b1c634bd
28366972188	DB(Nightly)	2026-06-29T10:55:47Z	schedule	guard-trip	det_master+det_old+db	DET_MASTER:ubuntu_2604 681 1044 363 0 53.3% 50.0% ;; DET_MASTER:rhel_10 2997 3227 233 3 7.9% 5.0% ;; DET_OLD:ubuntu_2604 681 1044 363 0 53.3% 50.0% ;; DET_OLD:rhel_10 2997 3227 233 3 7.9% 5.0% ;; DB:redhat:5 21.9% 0.0% 10.0% ;; DB:redhat:4 17.8% 0.0% 10.0% ;; DB:redhat:6 14.0% 0.0% 10.0% ;; DB:redhat:7 14.0% 0.0% 10.0%	sha256:f50ed908b6b58b8770dacd7e2ec6a99ca685b6fe7bb3a2a974dd947b9a85a15c
28384324392	DB(Nightly)	2026-06-29T15:42:57Z	schedule	guard-trip	det_master+det_old+db	DET_MASTER:ubuntu_2604 681 1044 363 0 53.3% 50.0% ;; DET_MASTER:rhel_10 2997 3227 233 3 7.9% 5.0% ;; DET_OLD:ubuntu_2604 681 1044 363 0 53.3% 50.0% ;; DET_OLD:rhel_10 2997 3227 233 3 7.9% 5.0% ;; DB:redhat:5 21.9% 0.0% 10.0% ;; DB:redhat:4 17.8% 0.0% 10.0% ;; DB:redhat:6 14.0% 0.0% 10.0% ;; DB:redhat:7 14.0% 0.0% 10.0%	sha256:8f247d1a02575643cc3acc1cfbcb29191c56ea17a71e3e1f220b3dbceef38403
28398716428	DB(Nightly)	2026-06-29T19:55:02Z	schedule	guard-trip	det_master+det_old+db	DET_MASTER:ubuntu_2604 681 1044 363 0 53.3% 50.0% ;; DET_MASTER:rhel_10 2997 3227 233 3 7.9% 5.0% ;; DET_OLD:ubuntu_2604 681 1044 363 0 53.3% 50.0% ;; DET_OLD:rhel_10 2997 3227 233 3 7.9% 5.0% ;; DB:redhat:5 21.9% 0.0% 10.0% ;; DB:redhat:4 17.8% 0.0% 10.0% ;; DB:redhat:6 14.0% 0.0% 10.0% ;; DB:redhat:7 14.0% 0.0% 10.0%	sha256:56244684c5f7b4f145f6e21796bb9b3a20d36c5e33db3115c65d0e04de541c2a
28488390213	DB	2026-07-01T02:01:29Z	schedule	guard-trip	det_master+det_old+db	DET_MASTER:opensuse_tumbleweed 274 304 30 0 10.9% 5.0% ;; DET_MASTER:sles12 4678 4902 243 19 5.6% 5.0% ;; DET_OLD:opensuse_tumbleweed 274 304 30 0 10.9% 5.0% ;; DET_OLD:sles12 4678 4902 243 19 5.6% 5.0% ;; DB:suse.linux.micro:6 15.6% 0.0% 10.0%	sha256:24f409251bf671871b5e6371f7ed1b334c59a7a90fb5ddd3abde06badde5734f
28491908555	DB(Nightly)	2026-07-01T03:42:02Z	schedule	guard-trip	det_master+det_old+db	DET_MASTER:sles12 4678 4902 243 19 5.6% 5.0% ;; DET_OLD:sles12 4678 4902 243 19 5.6% 5.0% ;; DB:suse.linux.micro:6 15.6% 0.0% 10.0%	sha256:431d3fc7ce11a3506831b1200214eb9e18f0b345b60b66d6e338787ef4762f6b
28593382639	DB	2026-07-02T13:22:29Z	schedule	guard-trip	det_master	DET_MASTER:windows_11_21h2 1017 472 0 545 53.6% 10.0% ;; DET_MASTER:windows_11_22h2 1043 497 0 546 52.3% 10.0% ;; DET_MASTER:windows_11_25h2 1373 722 0 651 47.4% 20.0% ;; DET_MASTER:windows_server_2022 1373 723 0 650 47.3% 20.0% ;; DET_MASTER:windows_11_24h2 1380 729 0 651 47.2% 20.0% ;; DET_MASTER:windows_11_23h2 1368 723 0 645 47.1% 20.0% ;; DET_MASTER:windows_10_20h2 1262 717 0 545 43.2% 10.0% ;; DET_MASTER:windows_server_2025 1945 1290 0 655 33.7% 20.0% ;; DET_MASTER:windows_server_2022_sql_server_2019 2045 1395 0 650 31.8% 20.0% ;; DET_MASTER:windows_10_22h2 2835 2198 0 637 22.5% 10.0% ;; DET_MASTER:windows_10_21h1 2865 2320 0 545 19.0% 10.0% ;; DET_MASTER:windows_10_21h2 3459 2822 0 637 18.4% 10.0% ;; DET_MASTER:windows_10_21h2_old 3969 3327 0 642 16.2% 10.0%	sha256:423f41b90a8b8ff2c9d7ee58b98e97b7c94511a06e599268087fef7eef3dbe76
28595663876	DB(Nightly)	2026-07-02T13:56:44Z	schedule	guard-trip	det_master	DET_MASTER:windows_11_21h2 1017 472 0 545 53.6% 10.0% ;; DET_MASTER:windows_11_22h2 1043 497 0 546 52.3% 10.0% ;; DET_MASTER:windows_11_25h2 1373 722 0 651 47.4% 20.0% ;; DET_MASTER:windows_server_2022 1373 723 0 650 47.3% 20.0% ;; DET_MASTER:windows_11_24h2 1380 729 0 651 47.2% 20.0% ;; DET_MASTER:windows_11_23h2 1368 723 0 645 47.1% 20.0% ;; DET_MASTER:windows_10_20h2 1262 717 0 545 43.2% 10.0% ;; DET_MASTER:windows_server_2025 1945 1290 0 655 33.7% 20.0% ;; DET_MASTER:windows_server_2022_sql_server_2019 2045 1395 0 650 31.8% 20.0% ;; DET_MASTER:windows_10_22h2 2835 2198 0 637 22.5% 10.0% ;; DET_MASTER:windows_10_21h1 2865 2320 0 545 19.0% 10.0% ;; DET_MASTER:windows_10_21h2 3459 2822 0 637 18.4% 10.0% ;; DET_MASTER:windows_10_21h2_old 3969 3327 0 642 16.2% 10.0%	sha256:0c164a7ee2f53a758b0f5a632d2349714e7109e4c60db058d4a087067fb30a25
28614789028	DB	2026-07-02T19:03:11Z	schedule	guard-trip	det_master	DET_MASTER:windows_11_21h2 1017 472 0 545 53.6% 10.0% ;; DET_MASTER:windows_11_22h2 1043 497 0 546 52.3% 10.0% ;; DET_MASTER:windows_11_25h2 1373 722 0 651 47.4% 20.0% ;; DET_MASTER:windows_server_2022 1373 723 0 650 47.3% 20.0% ;; DET_MASTER:windows_11_24h2 1380 729 0 651 47.2% 20.0% ;; DET_MASTER:windows_11_23h2 1368 723 0 645 47.1% 20.0% ;; DET_MASTER:windows_10_20h2 1262 717 0 545 43.2% 10.0% ;; DET_MASTER:windows_server_2025 1945 1290 0 655 33.7% 20.0% ;; DET_MASTER:windows_server_2022_sql_server_2019 2045 1395 0 650 31.8% 20.0% ;; DET_MASTER:windows_10_22h2 2835 2198 0 637 22.5% 10.0% ;; DET_MASTER:windows_10_21h1 2865 2320 0 545 19.0% 10.0% ;; DET_MASTER:windows_10_21h2 3459 2822 0 637 18.4% 10.0% ;; DET_MASTER:windows_10_21h2_old 3969 3327 0 642 16.2% 10.0%	sha256:e2a24401f80537b1f6e155a8b6b7ec1fa72da8f5d29fb2a4bdd2713d04980039
28615815759	DB(Nightly)	2026-07-02T19:21:48Z	schedule	guard-trip	det_master	DET_MASTER:windows_11_21h2 1017 472 0 545 53.6% 10.0% ;; DET_MASTER:windows_11_22h2 1043 497 0 546 52.3% 10.0% ;; DET_MASTER:windows_11_25h2 1373 722 0 651 47.4% 20.0% ;; DET_MASTER:windows_server_2022 1373 723 0 650 47.3% 20.0% ;; DET_MASTER:windows_11_24h2 1380 729 0 651 47.2% 20.0% ;; DET_MASTER:windows_11_23h2 1368 723 0 645 47.1% 20.0% ;; DET_MASTER:windows_10_20h2 1262 717 0 545 43.2% 10.0% ;; DET_MASTER:windows_server_2025 1945 1290 0 655 33.7% 20.0% ;; DET_MASTER:windows_server_2022_sql_server_2019 2045 1395 0 650 31.8% 20.0% ;; DET_MASTER:windows_10_22h2 2835 2198 0 637 22.5% 10.0% ;; DET_MASTER:windows_10_21h1 2865 2320 0 545 19.0% 10.0% ;; DET_MASTER:windows_10_21h2 3459 2822 0 637 18.4% 10.0% ;; DET_MASTER:windows_10_21h2_old 3969 3327 0 642 16.2% 10.0%	sha256:c834906dda3680fc05a59751f7ac6df59546fb99adf857f69b18075543ef32f1
28663513870	DB	2026-07-03T13:25:26Z	schedule	guard-trip	det_master	DET_MASTER:windows_11_21h2 1017 472 0 545 53.6% 10.0% ;; DET_MASTER:windows_11_22h2 1043 497 0 546 52.3% 10.0% ;; DET_MASTER:windows_11_25h2 1373 722 0 651 47.4% 20.0% ;; DET_MASTER:windows_server_2022 1373 723 0 650 47.3% 20.0% ;; DET_MASTER:windows_11_24h2 1380 729 0 651 47.2% 20.0% ;; DET_MASTER:windows_11_23h2 1368 723 0 645 47.1% 20.0% ;; DET_MASTER:windows_10_20h2 1262 717 0 545 43.2% 10.0% ;; DET_MASTER:windows_server_2025 1945 1290 0 655 33.7% 20.0% ;; DET_MASTER:windows_server_2022_sql_server_2019 2045 1395 0 650 31.8% 20.0% ;; DET_MASTER:windows_10_22h2 2835 2198 0 637 22.5% 10.0% ;; DET_MASTER:windows_10_21h1 2865 2320 0 545 19.0% 10.0% ;; DET_MASTER:windows_10_21h2 3459 2822 0 637 18.4% 10.0% ;; DET_MASTER:windows_10_21h2_old 3969 3327 0 642 16.2% 10.0%	sha256:fc73ac6b2c2e1c97ef3f04e1fd7cca729892e7b0f1506f9e6138ba1b39ef837e
28665348915	DB(Nightly)	2026-07-03T14:00:15Z	schedule	guard-trip	det_master	DET_MASTER:windows_11_21h2 1017 472 0 545 53.6% 10.0% ;; DET_MASTER:windows_11_22h2 1043 497 0 546 52.3% 10.0% ;; DET_MASTER:windows_11_25h2 1373 722 0 651 47.4% 20.0% ;; DET_MASTER:windows_server_2022 1373 723 0 650 47.3% 20.0% ;; DET_MASTER:windows_11_24h2 1380 729 0 651 47.2% 20.0% ;; DET_MASTER:windows_11_23h2 1368 723 0 645 47.1% 20.0% ;; DET_MASTER:windows_10_20h2 1262 717 0 545 43.2% 10.0% ;; DET_MASTER:windows_server_2025 1945 1290 0 655 33.7% 20.0% ;; DET_MASTER:windows_server_2022_sql_server_2019 2045 1395 0 650 31.8% 20.0% ;; DET_MASTER:windows_10_22h2 2835 2198 0 637 22.5% 10.0% ;; DET_MASTER:windows_10_21h1 2865 2320 0 545 19.0% 10.0% ;; DET_MASTER:windows_10_21h2 3459 2822 0 637 18.4% 10.0% ;; DET_MASTER:windows_10_21h2_old 3969 3327 0 642 16.2% 10.0%	sha256:6ddfb6c56d328655ccd600c37f580be533b359ee741677852082392b0f8dc797
28678574891	DB	2026-07-03T18:55:20Z	schedule	guard-trip	det_master	DET_MASTER:windows_11_21h2 1017 472 0 545 53.6% 10.0% ;; DET_MASTER:windows_11_22h2 1043 497 0 546 52.3% 10.0% ;; DET_MASTER:windows_11_25h2 1373 722 0 651 47.4% 20.0% ;; DET_MASTER:windows_server_2022 1373 723 0 650 47.3% 20.0% ;; DET_MASTER:windows_11_24h2 1380 729 0 651 47.2% 20.0% ;; DET_MASTER:windows_11_23h2 1368 723 0 645 47.1% 20.0% ;; DET_MASTER:windows_10_20h2 1262 717 0 545 43.2% 10.0% ;; DET_MASTER:windows_server_2025 1945 1290 0 655 33.7% 20.0% ;; DET_MASTER:windows_server_2022_sql_server_2019 2045 1395 0 650 31.8% 20.0% ;; DET_MASTER:windows_10_22h2 2835 2198 0 637 22.5% 10.0% ;; DET_MASTER:windows_10_21h1 2865 2320 0 545 19.0% 10.0% ;; DET_MASTER:windows_10_21h2 3459 2822 0 637 18.4% 10.0% ;; DET_MASTER:windows_10_21h2_old 3969 3327 0 642 16.2% 10.0%	sha256:d4f5b2bc5b3fd4d27120b6a270a4caf8b67478a00d9f8c90d634f719ea0de734
28679479994	DB(Nightly)	2026-07-03T19:19:10Z	schedule	guard-trip	det_master	DET_MASTER:windows_11_21h2 1017 472 0 545 53.6% 10.0% ;; DET_MASTER:windows_11_22h2 1043 497 0 546 52.3% 10.0% ;; DET_MASTER:windows_11_25h2 1373 722 0 651 47.4% 20.0% ;; DET_MASTER:windows_server_2022 1373 723 0 650 47.3% 20.0% ;; DET_MASTER:windows_11_24h2 1380 729 0 651 47.2% 20.0% ;; DET_MASTER:windows_11_23h2 1368 723 0 645 47.1% 20.0% ;; DET_MASTER:windows_10_20h2 1262 717 0 545 43.2% 10.0% ;; DET_MASTER:windows_server_2025 1945 1290 0 655 33.7% 20.0% ;; DET_MASTER:windows_server_2022_sql_server_2019 2045 1395 0 650 31.8% 20.0% ;; DET_MASTER:windows_10_22h2 2835 2198 0 637 22.5% 10.0% ;; DET_MASTER:windows_10_21h1 2865 2320 0 545 19.0% 10.0% ;; DET_MASTER:windows_10_21h2 3459 2822 0 637 18.4% 10.0% ;; DET_MASTER:windows_10_21h2_old 3969 3327 0 642 16.2% 10.0%	sha256:7170c1b7f9527fb1c63d6d5fee3929f52c6c7fa3a74317d595d9fe22c418d0f3
28700225660	DB	2026-07-04T08:15:25Z	schedule	guard-trip	det_master	DET_MASTER:windows_11_21h2 1017 1277 260 0 25.6% 10.0% ;; DET_MASTER:windows_11_22h2 1043 1303 260 0 24.9% 10.0% ;; DET_MASTER:windows_10_20h2 1262 1522 260 0 20.6% 10.0%	sha256:5ca609307e9877d47c3609f8183e4de27422e94c7204983b83da8e02d98fefb5
28700673007	DB(Nightly)	2026-07-04T08:34:12Z	schedule	guard-trip	det_master	DET_MASTER:windows_11_21h2 1017 1277 260 0 25.6% 10.0% ;; DET_MASTER:windows_11_22h2 1043 1303 260 0 24.9% 10.0% ;; DET_MASTER:windows_10_20h2 1262 1522 260 0 20.6% 10.0%	sha256:55110697a35643bf7e3cca54b8e52eeb2759e171f193d76012cade51b62865e9
28706802777	DB	2026-07-04T12:51:49Z	schedule	guard-trip	det_master	DET_MASTER:windows_11_21h2 1017 1277 260 0 25.6% 10.0% ;; DET_MASTER:windows_11_22h2 1043 1303 260 0 24.9% 10.0% ;; DET_MASTER:windows_10_20h2 1262 1522 260 0 20.6% 10.0%	sha256:e946d054fe64121235eb58a7ad4e87699313182554a4c3cdd8b102a502224e40
28707545106	DB(Nightly)	2026-07-04T13:21:48Z	schedule	guard-trip	det_master	DET_MASTER:windows_11_21h2 1017 1277 260 0 25.6% 10.0% ;; DET_MASTER:windows_11_22h2 1043 1303 260 0 24.9% 10.0% ;; DET_MASTER:windows_10_20h2 1262 1522 260 0 20.6% 10.0%	sha256:692aa3b527ea98e9ace17181cc9d257bdb63cf3a2b9fe649679ce3b20a1bf3d6
28716133302	DB	2026-07-04T18:47:20Z	schedule	guard-trip	det_master	DET_MASTER:windows_11_21h2 1017 1277 260 0 25.6% 10.0% ;; DET_MASTER:windows_11_22h2 1043 1303 260 0 24.9% 10.0% ;; DET_MASTER:windows_10_20h2 1262 1522 260 0 20.6% 10.0%	sha256:e457f4fbd23333205ad325eac0200c5a39fcdc871bac8df0f3ae44a32dd16ebb
28716702901	DB(Nightly)	2026-07-04T19:09:34Z	schedule	guard-trip	det_master	DET_MASTER:windows_11_21h2 1017 1277 260 0 25.6% 10.0% ;; DET_MASTER:windows_11_22h2 1043 1303 260 0 24.9% 10.0% ;; DET_MASTER:windows_10_20h2 1262 1522 260 0 20.6% 10.0%	sha256:4a6f12788eee498ede37ddb0a1799ce1ac9006c0739936d92b2678d884c2293b
28725923733	DB	2026-07-05T01:40:00Z	schedule	guard-trip	det_master	DET_MASTER:windows_11_21h2 1017 1277 260 0 25.6% 10.0% ;; DET_MASTER:windows_11_22h2 1043 1303 260 0 24.9% 10.0% ;; DET_MASTER:windows_10_20h2 1262 1522 260 0 20.6% 10.0%	sha256:538b4c111c121a09528927bdad47f25ab1f24f5b135288bdd63dd21fc3076f19
28727549504	DB(Nightly)	2026-07-05T02:57:20Z	schedule	guard-trip	det_master	DET_MASTER:windows_11_21h2 1017 1277 260 0 25.6% 10.0% ;; DET_MASTER:windows_11_22h2 1043 1303 260 0 24.9% 10.0% ;; DET_MASTER:windows_10_20h2 1262 1522 260 0 20.6% 10.0%	sha256:8a0a5444ad32ceabf9e277b9911c824f088c22bf69236af92328e93979a5968b
28734920413	DB	2026-07-05T08:33:50Z	schedule	guard-trip	det_master	DET_MASTER:windows_11_21h2 1017 1277 260 0 25.6% 10.0% ;; DET_MASTER:windows_11_22h2 1043 1303 260 0 24.9% 10.0% ;; DET_MASTER:windows_10_20h2 1262 1522 260 0 20.6% 10.0%	sha256:ffd42713eb0cdb2415dcd26a577869b17c4bc9c0a7a4027f277a6015649c0053
28735309350	DB(Nightly)	2026-07-05T08:50:07Z	schedule	guard-trip	det_master	DET_MASTER:windows_11_21h2 1017 1277 260 0 25.6% 10.0% ;; DET_MASTER:windows_11_22h2 1043 1303 260 0 24.9% 10.0% ;; DET_MASTER:windows_10_20h2 1262 1522 260 0 20.6% 10.0%	sha256:fa2ab6a4c3af1b9cf47bb68ccb2059065b870d0041524b8661bf95912265b1a6
28741598314	DB	2026-07-05T12:59:34Z	schedule	guard-trip	det_master	DET_MASTER:windows_11_21h2 1017 1277 260 0 25.6% 10.0% ;; DET_MASTER:windows_11_22h2 1043 1303 260 0 24.9% 10.0% ;; DET_MASTER:windows_10_20h2 1262 1522 260 0 20.6% 10.0%	sha256:de648530837e1a0d83e0ae8028b7c60eeac8103f60558f98c9f22201ac276346
28742356387	DB(Nightly)	2026-07-05T13:27:38Z	schedule	guard-trip	det_master	DET_MASTER:windows_11_21h2 1017 1277 260 0 25.6% 10.0% ;; DET_MASTER:windows_11_22h2 1043 1303 260 0 24.9% 10.0% ;; DET_MASTER:windows_10_20h2 1262 1522 260 0 20.6% 10.0%	sha256:51e479257161e385449dd44ac8d760fde971734832c192f771b94d1ac0c0c2c5
28751305350	DB	2026-07-05T18:53:36Z	schedule	guard-trip	det_master	DET_MASTER:windows_11_21h2 1017 1277 260 0 25.6% 10.0% ;; DET_MASTER:windows_11_22h2 1043 1303 260 0 24.9% 10.0% ;; DET_MASTER:windows_10_20h2 1262 1522 260 0 20.6% 10.0%	sha256:be569c612fe128b59e30d44a0e5b4cf13b4d2a9553bf8228be1741a8db97eda6
28751886446	DB(Nightly)	2026-07-05T19:15:10Z	schedule	guard-trip	det_master	DET_MASTER:windows_11_21h2 1017 1277 260 0 25.6% 10.0% ;; DET_MASTER:windows_11_22h2 1043 1303 260 0 24.9% 10.0% ;; DET_MASTER:windows_10_20h2 1262 1522 260 0 20.6% 10.0%	sha256:35147345437f010c0b9458066dace01629b00ddeb21d3a222b707368a8fd770c
28847492830	DB(Nightly)	2026-07-07T06:53:38Z	workflow_dispatch	guard-trip	det_master+det_old+db	DET_MASTER:alma_10 259 343 181 97 107.3% 5.0% ;; DET_MASTER:alma_9 1103 1254 151 0 13.7% 5.0% ;; DET_MASTER:alma_8 871 948 77 0 8.8% 5.0% ;; DET_OLD:alma_10 259 343 181 97 107.3% 5.0% ;; DET_OLD:alma_9 1103 1254 151 0 13.7% 5.0% ;; DET_OLD:alma_8 871 948 77 0 8.8% 5.0% ;; DB:alma:10 146.5% 0.0% 10.0% ;; DB:alma:9 11.7% 0.0% 10.0%	sha256:8ddd89aeb8be8bab91c40ba2367abf5fd0a845771502828066c3354ef12a6667
28853199310	DB	2026-07-07T08:40:34Z	workflow_dispatch	guard-trip	det_master+det_old+db	DET_MASTER:alma_10 259 343 181 97 107.3% 5.0% ;; DET_MASTER:alma_9 1103 1254 151 0 13.7% 5.0% ;; DET_MASTER:alma_8 871 948 77 0 8.8% 5.0% ;; DET_OLD:alma_10 259 343 181 97 107.3% 5.0% ;; DET_OLD:alma_9 1103 1254 151 0 13.7% 5.0% ;; DET_OLD:alma_8 871 948 77 0 8.8% 5.0% ;; DB:alma:10 146.5% 0.0% 10.0% ;; DB:alma:9 11.7% 0.0% 10.0%	sha256:71f6d50efb792417393a8cde91e93fe79569cf320577090e095060d9077636ec
28854247269	DB	2026-07-07T08:59:01Z	schedule	guard-trip	det_master+det_old+db	DET_MASTER:alma_10 259 343 181 97 107.3% 5.0% ;; DET_MASTER:alma_9 1103 1254 151 0 13.7% 5.0% ;; DET_MASTER:alma_8 871 948 77 0 8.8% 5.0% ;; DET_OLD:alma_10 259 343 181 97 107.3% 5.0% ;; DET_OLD:alma_9 1103 1254 151 0 13.7% 5.0% ;; DET_OLD:alma_8 871 948 77 0 8.8% 5.0% ;; DB:alma:10 146.5% 0.0% 10.0% ;; DB:alma:9 11.7% 0.0% 10.0%	sha256:dacaefb5b40606441dea4f1979cd9c2eb4dfd0aae2ee2d5274abdcf9fd921434
28871909453	DB	2026-07-07T13:58:05Z	schedule	guard-trip	det_master+det_old	DET_MASTER:oracle_10 511 1190 679 0 132.9% 5.0% ;; DET_MASTER:oracle_9 4675 5317 642 0 13.7% 5.0% ;; DET_OLD:oracle_10 511 1190 679 0 132.9% 5.0% ;; DET_OLD:oracle_9 4675 5317 642 0 13.7% 5.0%	sha256:39433d0c14ea027c145d2e91e311b4ed8feb9bc455c4d164096349a886920d72
28874109691	DB(Nightly)	2026-07-07T14:29:35Z	schedule	guard-trip	det_master+det_old	DET_MASTER:oracle_10 511 1190 679 0 132.9% 5.0% ;; DET_MASTER:oracle_9 4675 5317 642 0 13.7% 5.0% ;; DET_OLD:oracle_10 511 1190 679 0 132.9% 5.0% ;; DET_OLD:oracle_9 4675 5317 642 0 13.7% 5.0%	sha256:2118de74237b05a3a3d0eb3706815b8d5fc6bc607dcc00bce0aa642156f6fa59
28892820817	DB	2026-07-07T19:27:31Z	schedule	guard-trip	det_master+det_old	DET_MASTER:oracle_10 511 1190 679 0 132.9% 5.0% ;; DET_MASTER:oracle_9 4675 5317 642 0 13.7% 5.0% ;; DET_OLD:oracle_10 511 1190 679 0 132.9% 5.0% ;; DET_OLD:oracle_9 4675 5317 642 0 13.7% 5.0%	sha256:efd1f42996bbeeab2ca67ecc5b7bee399c377079341ec7cbc1cf8b76d3fbce74
28894311083	DB(Nightly)	2026-07-07T19:52:36Z	schedule	guard-trip	det_master+det_old	DET_MASTER:oracle_10 511 1190 679 0 132.9% 5.0% ;; DET_MASTER:oracle_9 4675 5317 642 0 13.7% 5.0% ;; DET_OLD:oracle_10 511 1190 679 0 132.9% 5.0% ;; DET_OLD:oracle_9 4675 5317 642 0 13.7% 5.0%	sha256:f769596653f1fd3a848ba36a9673c5d57c2b3679daa68633ae7d8613d6f68f59
28945808801	DB	2026-07-08T13:19:58Z	schedule	guard-trip	det_master+det_old	DET_MASTER:amazon_2_extra_kernel 1431 1521 90 0 6.3% 5.0% ;; DET_MASTER:amazon_2023 2235 2356 121 0 5.4% 5.0% ;; DET_OLD:amazon_2_extra_kernel 1431 1521 90 0 6.3% 5.0% ;; DET_OLD:amazon_2023 2235 2356 121 0 5.4% 5.0%	sha256:0c717c81a8c8b2694fca525d697fc4e822eff67b09ef49467be6a6ce97e56cb4
28948572758	DB(Nightly)	2026-07-08T14:01:16Z	schedule	guard-infra	"infra:failed to perform ""Push"" on destination: invalid descriptor "		sha256:dea796c8a8e77011064623f468a5e7e26436ee6cfa0ce832fda6b1a7726a3064
28968111472	DB	2026-07-08T18:59:14Z	schedule	guard-trip	det_master+det_old	DET_MASTER:amazon_2_extra_kernel 1431 1521 90 0 6.3% 5.0% ;; DET_MASTER:amazon_2023 2235 2356 121 0 5.4% 5.0% ;; DET_OLD:amazon_2_extra_kernel 1431 1521 90 0 6.3% 5.0% ;; DET_OLD:amazon_2023 2235 2356 121 0 5.4% 5.0%	sha256:fac46aa3f42eb436d2aeb5c5b6895c6785529266e0e907511a521378a46f61ce
28969498073	DB(Nightly)	2026-07-08T19:22:18Z	schedule	guard-infra	"infra:failed to perform ""Push"" on destination: invalid descriptor "		sha256:0f46b6b12775b5e11415da23604a00c7f8b839dcadc3e6c1f517b7955557fc75
28987458616	DB	2026-07-09T01:24:29Z	schedule	guard-trip	db	DB:cpe 28.9% 0.0% 10.0%	sha256:5343fc0beef13ffa26e7fe025d792f39bd2ec4d6c2eae04b19748bc8e733dd37
28990615158	DB(Nightly)	2026-07-09T02:51:40Z	schedule	guard-trip	det_master+det_old+db	DET_MASTER:amazon_2_extra_kernel 1431 1521 90 0 6.3% 5.0% ;; DET_MASTER:amazon_2023 2235 2356 121 0 5.4% 5.0% ;; DET_OLD:amazon_2_extra_kernel 1431 1521 90 0 6.3% 5.0% ;; DET_OLD:amazon_2023 2235 2356 121 0 5.4% 5.0% ;; DB:cpe 29.0% 0.0% 10.0%	sha256:1c1ef17c1ccfad84bbb90b79d3c23cf04ba5745ae9b549d6b66cc74f76ed6e8d
29134285305	DB	2026-07-11T01:15:07Z	schedule	guard-trip	db	DB:ubuntu:25.10 47.8% 0.0% 10.0% ;; DB:cpe 12.0% 0.0% 10.0%	sha256:7f16eb8dfe47dd0078c5e4a1a08c7c847a9bb8f06ba5b65bddf652544e6713cf
29136481259	DB(Nightly)	2026-07-11T02:31:18Z	schedule	guard-trip	db	DB:ubuntu:25.10 47.8% 0.0% 10.0% ;; DB:cpe 12.0% 0.0% 10.0%	sha256:c74e304a2416440ef0a6de566f7079aafed8f1c0ba942c3ca2a6ce4d70233518
29145213980	DB(Nightly)	2026-07-11T07:52:25Z	schedule	guard-trip	db	DB:ubuntu:25.10 47.8% 0.0% 10.0% ;; DB:cpe 12.0% 0.0% 10.0%	sha256:f3178911da852f29ed1bbe5c582a22688ddf69f7c2943074b4ba708c7fcde4ce
29153111108	DB	2026-07-11T12:43:25Z	schedule	guard-trip	det_master+det_old+db	DET_MASTER:opensuse_tumbleweed 317 335 18 0 5.7% 5.0% ;; DET_OLD:opensuse_tumbleweed 317 335 18 0 5.7% 5.0% ;; DB:ubuntu:25.10 47.8% 0.0% 10.0%	sha256:eaf17d31a55b990fa6f357e71f72f5cec84f2299c17e95a380358d377c5af44c
29153995057	DB(Nightly)	2026-07-11T13:15:02Z	schedule	guard-trip	db	DB:ubuntu:25.10 47.8% 0.0% 10.0%	sha256:f46f8df45f9782d485c6109e90b38b0fa9c1cdf27b7e363dcfd981043f317af8
29163850376	DB	2026-07-11T18:39:13Z	schedule	guard-trip	det_master+det_old+db	DET_MASTER:opensuse_tumbleweed 317 335 18 0 5.7% 5.0% ;; DET_OLD:opensuse_tumbleweed 317 335 18 0 5.7% 5.0% ;; DB:ubuntu:25.10 47.8% 0.0% 10.0% ;; DB:cpe 12.0% 0.0% 10.0%	sha256:8ee99b52a1ad8d51bbc207070a60ad04016042bce7d0a8d7ee3a2256822c9383
29175032337	DB	2026-07-12T01:17:06Z	schedule	guard-trip	det_master+det_old+db	DET_MASTER:opensuse_tumbleweed 317 335 18 0 5.7% 5.0% ;; DET_OLD:opensuse_tumbleweed 317 335 18 0 5.7% 5.0% ;; DB:ubuntu:25.10 47.8% 0.0% 10.0% ;; DB:cpe 12.0% 0.0% 10.0%	sha256:d9bd18a3099c25d0c6cbce681c6a50bcb843cc659b6efaa9efcef5cda82e84b3
29177032922	DB(Nightly)	2026-07-12T02:37:13Z	schedule	guard-trip	db	DB:ubuntu:25.10 47.8% 0.0% 10.0% ;; DB:cpe 12.0% 0.0% 10.0%	sha256:abec6a9ccc8595b268a5fb8674c8ce3243aa20034d2f8d73b9aaf223b59ebfd7
29184904742	DB	2026-07-12T07:51:48Z	schedule	guard-trip	det_master+det_old+db	DET_MASTER:windows_11_21h2 1278 1017 0 261 20.4% 10.0% ;; DET_MASTER:windows_11_22h2 1304 1043 0 261 20.0% 10.0% ;; DET_MASTER:windows_10_20h2 1523 1262 0 261 17.1% 10.0% ;; DET_MASTER:opensuse_tumbleweed 317 335 18 0 5.7% 5.0% ;; DET_OLD:opensuse_tumbleweed 317 335 18 0 5.7% 5.0% ;; DB:ubuntu:25.10 47.8% 0.0% 10.0% ;; DB:cpe 12.0% 0.0% 10.0%	sha256:288e64d8c02bf3059b8866fe990ce3d1f1d1178c9f29c96fc34a42784b4201f3
29185503179	DB(Nightly)	2026-07-12T08:13:42Z	schedule	guard-trip	det_master+db	DET_MASTER:windows_11_21h2 1278 1017 0 261 20.4% 10.0% ;; DET_MASTER:windows_11_22h2 1304 1043 0 261 20.0% 10.0% ;; DET_MASTER:windows_10_20h2 1523 1262 0 261 17.1% 10.0% ;; DB:ubuntu:25.10 47.8% 0.0% 10.0% ;; DB:cpe 12.0% 0.0% 10.0%	sha256:3171367ef057b24211f30b95a1372edeea5e428ee245df5677d81fd4f871dba5
29193159203	DB	2026-07-12T12:44:27Z	schedule	guard-trip	det_master+det_old+db	DET_MASTER:windows_11_21h2 1278 1017 0 261 20.4% 10.0% ;; DET_MASTER:windows_11_22h2 1304 1043 0 261 20.0% 10.0% ;; DET_MASTER:windows_10_20h2 1523 1262 0 261 17.1% 10.0% ;; DET_MASTER:opensuse_tumbleweed 317 335 18 0 5.7% 5.0% ;; DET_OLD:opensuse_tumbleweed 317 335 18 0 5.7% 5.0% ;; DB:ubuntu:25.10 47.8% 0.0% 10.0% ;; DB:cpe 12.0% 0.0% 10.0%	sha256:5ac3072d8152b569b15400eba2afe448a4a5ae954db3c18498c61fe6819352da
29194080440	DB(Nightly)	2026-07-12T13:15:35Z	schedule	guard-trip	det_master+db	DET_MASTER:windows_11_21h2 1278 1017 0 261 20.4% 10.0% ;; DET_MASTER:windows_11_22h2 1304 1043 0 261 20.0% 10.0% ;; DET_MASTER:windows_10_20h2 1523 1262 0 261 17.1% 10.0% ;; DB:ubuntu:25.10 47.8% 0.0% 10.0% ;; DB:cpe 12.0% 0.0% 10.0%	sha256:f2bae924d8e7bff1af857d53f3673c4910af231a17b93b0112d623082f7e512f
29204393993	DB	2026-07-12T18:42:47Z	schedule	guard-trip	det_master+det_old+db	DET_MASTER:windows_11_21h2 1278 1017 0 261 20.4% 10.0% ;; DET_MASTER:windows_11_22h2 1304 1043 0 261 20.0% 10.0% ;; DET_MASTER:windows_10_20h2 1523 1262 0 261 17.1% 10.0% ;; DET_MASTER:opensuse_tumbleweed 317 335 18 0 5.7% 5.0% ;; DET_OLD:opensuse_tumbleweed 317 335 18 0 5.7% 5.0% ;; DB:ubuntu:25.10 47.8% 0.0% 10.0% ;; DB:cpe 12.0% 0.0% 10.0%	sha256:66cbc8427fbaf658e4bb392efd2167bb2f9636bf132dc38c2c34f3120d4d68d2
29217135016	DB	2026-07-13T01:17:59Z	schedule	guard-trip	det_master+det_old+db	DET_MASTER:windows_11_21h2 1278 1419 141 0 11.0% 10.0% ;; DET_MASTER:windows_11_22h2 1304 1445 141 0 10.8% 10.0% ;; DET_MASTER:opensuse_tumbleweed 317 335 18 0 5.7% 5.0% ;; DET_OLD:opensuse_tumbleweed 317 335 18 0 5.7% 5.0% ;; DB:ubuntu:25.10 47.8% 0.0% 10.0% ;; DB:cpe 12.0% 0.0% 10.0%	sha256:5400d2bcaaae45239dce393268f05a917fb57ed6a51d2eaa679bcd0599d3be0b
29219950514	DB(Nightly)	2026-07-13T02:39:01Z	schedule	guard-trip	det_master+db	DET_MASTER:windows_11_21h2 1278 1419 141 0 11.0% 10.0% ;; DET_MASTER:windows_11_22h2 1304 1445 141 0 10.8% 10.0% ;; DB:ubuntu:25.10 47.8% 0.0% 10.0% ;; DB:cpe 12.0% 0.0% 10.0%	sha256:1dbca778c5fac8719c557bcf3a1d6ad4c5a6b58e9d67e66e2ebce212cec951a3
29236132329	DB	2026-07-13T08:38:13Z	schedule	guard-trip	det_master+det_old+db	DET_MASTER:windows_11_21h2 1278 1419 141 0 11.0% 10.0% ;; DET_MASTER:windows_11_22h2 1304 1445 141 0 10.8% 10.0% ;; DET_MASTER:opensuse_tumbleweed 317 335 18 0 5.7% 5.0% ;; DET_OLD:opensuse_tumbleweed 317 335 18 0 5.7% 5.0% ;; DB:ubuntu:25.10 47.8% 0.0% 10.0% ;; DB:cpe 12.0% 0.0% 10.0%	sha256:4d2f395060dbd143ba1f7ace346a85cfed473c63f14ddc0052e00447aa5b4770
29238878176	DB(Nightly)	2026-07-13T09:22:57Z	schedule	guard-trip	det_master+db	DET_MASTER:windows_11_21h2 1278 1419 141 0 11.0% 10.0% ;; DET_MASTER:windows_11_22h2 1304 1445 141 0 10.8% 10.0% ;; DB:ubuntu:25.10 47.8% 0.0% 10.0% ;; DB:cpe 12.0% 0.0% 10.0%	sha256:4338965c1128b4c6a94f09f58d1c5dd1a07c59049c28c8b4a2003330ce585b10
29255526030	DB	2026-07-13T13:52:22Z	schedule	guard-trip	det_master+det_old+db	DET_MASTER:windows_11_21h2 1278 1419 141 0 11.0% 10.0% ;; DET_MASTER:windows_11_22h2 1304 1445 141 0 10.8% 10.0% ;; DET_MASTER:opensuse_tumbleweed 317 335 18 0 5.7% 5.0% ;; DET_OLD:opensuse_tumbleweed 317 335 18 0 5.7% 5.0% ;; DB:ubuntu:25.10 47.8% 0.0% 10.0% ;; DB:cpe 12.0% 0.0% 10.0%	sha256:1bd655e33834574142995b16bf8ca90f4fc34bea2dabbab26e5ee7520b207f9f
29258204246	DB(Nightly)	2026-07-13T14:30:03Z	schedule	guard-trip	det_master+db	DET_MASTER:windows_11_21h2 1278 1419 141 0 11.0% 10.0% ;; DET_MASTER:windows_11_22h2 1304 1445 141 0 10.8% 10.0% ;; DB:ubuntu:25.10 47.8% 0.0% 10.0% ;; DB:cpe 12.0% 0.0% 10.0%	sha256:27979620a589bb06ec8102837d0d4335b5794204b07e45373f6b44685a796397
29278083588	DB(Nightly)	2026-07-13T19:20:34Z	schedule	guard-trip	det_master+db	DET_MASTER:windows_11_21h2 1278 1419 141 0 11.0% 10.0% ;; DET_MASTER:windows_11_22h2 1304 1445 141 0 10.8% 10.0% ;; DB:ubuntu:25.10 47.8% 0.0% 10.0% ;; DB:cpe 12.0% 0.0% 10.0%	sha256:f8fa8d5f5a134e505913308b86a89140a5d3005642b8c8680a13fdbb6d6d00e2
29297780197	DB	2026-07-14T01:07:53Z	schedule	guard-trip	det_master+det_old+db	DET_MASTER:windows_11_21h2 1278 1419 141 0 11.0% 10.0% ;; DET_MASTER:windows_11_22h2 1304 1445 141 0 10.8% 10.0% ;; DET_MASTER:opensuse_tumbleweed 317 336 19 0 6.0% 5.0% ;; DET_OLD:opensuse_tumbleweed 317 336 19 0 6.0% 5.0% ;; DB:ubuntu:25.10 47.8% 0.0% 10.0% ;; DB:ubuntu:14.04 13.5% 0.0% 10.0% ;; DB:cpe 12.1% 0.0% 10.0%	sha256:72dcb0332bfd78a58ce71596e6b11b1a600d32028e8cebe5c2c2b2960215b51a
29315353553	DB	2026-07-14T07:40:34Z	schedule	guard-trip	det_master+det_old+db	:cpe_jvn vulncheck-nist-nvd2 17 69 52 0 305.9% 5.0% ;; :cpe_cisco vulncheck-nist-nvd2 24 22 7 9 66.7% 5.0% ;; :cpe_nvd vulncheck-nist-nvd2 19 24 5 0 26.3% 5.0% ;; :cpe_fortinet vulncheck-nist-nvd2 5 6 1 0 20.0% 5.0% ;; :windows_11_21h2 microsoft-cvrf 1278 1419 141 0 11.0% 10.0% ;; :windows_11_22h2 microsoft-cvrf 1304 1445 141 0 10.8% 10.0% ;; :opensuse_tumbleweed suse-oval 317 336 19 0 6.0% 5.0% ;; :opensuse_tumbleweed suse-oval 317 336 19 0 6.0% 5.0% ;; DB:ubuntu:25.10 ubuntu-cve-tracker 47.8% 0.0% 10.0% ;; DB:cpe vulncheck-nist-nvd2 37.0% 0.0% 10.0% ;; DB:ubuntu:14.04 ubuntu-cve-tracker 13.5% 0.0% 10.0%	sha256:32316e7f3c789544ef2061d842e216e93bbda763f9f7874f3a49b6298ee08ba1
29316518956	DB(Nightly)	2026-07-14T08:00:55Z	schedule	guard-trip	det_master+db	DET_MASTER:cpe_jvn vulncheck-nist-nvd2 17 69 52 0 305.9% 5.0% ;; DET_MASTER:cpe_cisco vulncheck-nist-nvd2 24 22 7 9 66.7% 5.0% ;; DET_MASTER:cpe_nvd vulncheck-nist-nvd2 19 24 5 0 26.3% 5.0% ;; DET_MASTER:cpe_fortinet vulncheck-nist-nvd2 5 6 1 0 20.0% 5.0% ;; DET_MASTER:windows_11_21h2 microsoft-cvrf 1278 1419 141 0 11.0% 10.0% ;; DET_MASTER:windows_11_22h2 microsoft-cvrf 1304 1445 141 0 10.8% 10.0% ;; DB:ubuntu:25.10 ubuntu-cve-tracker 47.8% 0.0% 10.0% ;; DB:cpe vulncheck-nist-nvd2 37.0% 0.0% 10.0% ;; DB:ubuntu:14.04 ubuntu-cve-tracker 13.5% 0.0% 10.0%	sha256:88ae391734de999743d71aadbf7d9e9d090c4a4467e8e1451ea3da9c84d0d0e3
29398326912	DB	2026-07-15T07:43:56Z	schedule	guard-trip	det_master+db	DET_MASTER:cpe_paloalto nvd-feed-cve-v2 185 203 18 0 9.7% 5.0% ;; DB:microsoft microsoft-msuc 0.0% 55.9% 35.0%	sha256:3c9a3e3b1f74a3a74f9d4ba0a3233042c5bbbc4acf2a8a8a319da622412aa18b
29399593434	DB(Nightly)	2026-07-15T08:06:11Z	schedule	guard-trip	det_master+db	DET_MASTER:cpe_paloalto nvd-feed-cve-v2 185 203 18 0 9.7% 5.0% ;; DB:microsoft microsoft-msuc 0.0% 55.9% 35.0%	sha256:14a1c1ed55e1f8a6be767e18064d1e030fa751c97ff733bd192fd76332f14885
29466660712	DB(Nightly)	2026-07-16T02:28:17Z	schedule	guard-trip	det_master	DET_MASTER:windows_server_2019 microsoft-cvrf 1360 1676 316 0 23.2% 10.0% ;; DET_MASTER:windows_11_25h2 microsoft-cvrf 1775 2158 383 0 21.6% 20.0% ;; DET_MASTER:windows_11_24h2 microsoft-cvrf 1782 2165 383 0 21.5% 20.0% ;; DET_MASTER:windows_server_2016 microsoft-cvrf 1506 1759 253 0 16.8% 10.0% ;; DET_MASTER:windows_server_2012 microsoft-cvrf 1144 1319 175 0 15.3% 10.0% ;; DET_MASTER:windows_server_2012_r2 microsoft-cvrf 1221 1407 186 0 15.2% 10.0%	sha256:fd0657e1b5a37e141a05c67dca937b5997380aaf0a4f7405a32a6bff0119d0a3
29500947233	DB	2026-07-16T13:08:23Z	schedule	guard-trip	det_master	DET_MASTER:windows_server_2019 microsoft-cvrf 1360 1680 320 0 23.5% 10.0% ;; DET_MASTER:windows_11_25h2 microsoft-cvrf 1775 2162 387 0 21.8% 20.0% ;; DET_MASTER:windows_11_24h2 microsoft-cvrf 1782 2169 387 0 21.7% 20.0% ;; DET_MASTER:windows_server_2016 microsoft-cvrf 1506 1763 257 0 17.1% 10.0% ;; DET_MASTER:windows_server_2012 microsoft-cvrf 1144 1319 175 0 15.3% 10.0% ;; DET_MASTER:windows_server_2012_r2 microsoft-cvrf 1221 1407 186 0 15.2% 10.0%	sha256:06a0685ca276e8f406bbd0d93e2cce3b71f8037a340398c950bf8d0140289d35
29525578753	DB	2026-07-16T18:50:12Z	schedule	guard-trip	det_master	DET_MASTER:windows_server_2019 microsoft-cvrf 1360 1680 320 0 23.5% 10.0% ;; DET_MASTER:windows_11_25h2 microsoft-cvrf 1775 2162 387 0 21.8% 20.0% ;; DET_MASTER:windows_11_24h2 microsoft-cvrf 1782 2169 387 0 21.7% 20.0% ;; DET_MASTER:windows_server_2016 microsoft-cvrf 1506 1763 257 0 17.1% 10.0% ;; DET_MASTER:windows_server_2012 microsoft-cvrf 1144 1319 175 0 15.3% 10.0% ;; DET_MASTER:windows_server_2012_r2 microsoft-cvrf 1221 1407 186 0 15.2% 10.0%	sha256:d7ae0804bc00f3f4c369a6e2e963e18d9774b6fcc39562bc02b10055f393c039
29624663782	DB	2026-07-18T01:09:55Z	schedule	guard-trip	db	DB:suse.linux.enterprise:16 suse-oval 212.8% 0.0% 10.0% ;; DB:cpe cisco-json 14.7% 0.0% 10.0%	sha256:449a7c557fd4ddf3e2f11055f510aca9741deb2a898048d31ce6b5a076c1e986
29626912188	DB(Nightly)	2026-07-18T02:21:52Z	schedule	guard-trip	db	DB:suse.linux.enterprise:16 suse-oval 212.8% 0.0% 10.0% ;; DB:cpe cisco-json 14.7% 0.0% 10.0%	sha256:79c18a3aada48c67a494ff55e0786dba6e5535970b074bc50936380cef481f5e
29635590274	DB	2026-07-18T07:21:13Z	schedule	guard-trip	db	DB:suse.linux.enterprise:16 suse-oval 212.8% 0.0% 10.0% ;; DB:cpe cisco-json 14.7% 0.0% 10.0%	sha256:5f70c8e1da3ccef0bb13e6d8f52b6b8158ae09e433bb6d886fc8dd2119ccd8a4
29636313244	DB(Nightly)	2026-07-18T07:46:19Z	schedule	build-fail			
29644772448	DB	2026-07-18T12:41:05Z	schedule	guard-trip	db	DB:suse.linux.enterprise:16 suse-oval 212.8% 0.0% 10.0% ;; DB:cpe cisco-json 14.7% 0.0% 10.0%	sha256:a8f40befa9721c2ccb126cbf91967732100fe39fee4420fc92a76a19a9ddeed0
29645671253	DB(Nightly)	2026-07-18T13:10:41Z	schedule	guard-trip	db	DB:suse.linux.enterprise:16 suse-oval 212.8% 0.0% 10.0% ;; DB:cpe cisco-json 14.7% 0.0% 10.0%	sha256:cbb6eb1a985f37e7575d31790c99ae49f3b0ae72a03df8a4baea6b90289a80e2
29656321841	DB	2026-07-18T18:40:23Z	schedule	guard-trip	db	DB:suse.linux.enterprise:16 suse-oval 212.8% 0.0% 10.0% ;; DB:cpe cisco-json 14.7% 0.0% 10.0%	sha256:ef4491e77229fe9cc8eeb8d15897e3c8fa0e7befe2d8837f72cfb84b5a2412da
29656985898	DB(Nightly)	2026-07-18T19:01:02Z	schedule	guard-trip	db	DB:suse.linux.enterprise:16 suse-oval 212.8% 0.0% 10.0% ;; DB:cpe cisco-json 14.7% 0.0% 10.0%	sha256:7d32c40394984c85b376c42cf4be3ffd349604589edf267c0ae9f9c011b6ce2e
29668277691	DB	2026-07-19T01:14:47Z	schedule	guard-trip	db	DB:suse.linux.enterprise:16 suse-oval 212.9% 0.0% 10.0% ;; DB:cpe cisco-json 15.1% 0.0% 10.0%	sha256:e685ba23fded248749e9cc5fde992f07838c5a4b94556b519ea56c39f700887d
29670397872	DB(Nightly)	2026-07-19T02:34:11Z	schedule	guard-trip	db	DB:suse.linux.enterprise:16 suse-oval 212.9% 0.0% 10.0% ;; DB:cpe cisco-json 15.1% 0.0% 10.0%	sha256:69b57d808ed5390c29d59ac41385d44a80ee62f3ef24959f32cbe0a294b8499e
29678821490	DB	2026-07-19T07:51:51Z	schedule	guard-trip	db	DB:suse.linux.enterprise:16 suse-oval 212.9% 0.0% 10.0% ;; DB:cpe cisco-json 15.1% 0.0% 10.0%	sha256:f98f7e28690154daa1de97cdf1173932f6c25b6a15fa0e4c84b116cd0939543e
29679447901	DB(Nightly)	2026-07-19T08:13:23Z	schedule	guard-trip	db	DB:suse.linux.enterprise:16 suse-oval 212.9% 0.0% 10.0% ;; DB:cpe cisco-json 15.1% 0.0% 10.0%	sha256:b35f1b915e436bf9fc439d73fe7d251432b24ed6d19a996bcb3b66ff05ef5ccf
29688485685	DB(Nightly)	2026-07-19T13:13:57Z	schedule	other-fail			
29699187139	DB	2026-07-19T18:43:00Z	schedule	guard-trip	db	DB:suse.linux.enterprise:16 suse-oval 212.9% 0.0% 10.0% ;; DB:cpe cisco-json 15.2% 0.0% 10.0%	sha256:6c3439901f4bfd4a392530b745db2d86846e80ab83d334a4978af581e1df286a
29699850868	DB(Nightly)	2026-07-19T19:02:54Z	schedule	guard-trip	db	DB:suse.linux.enterprise:16 suse-oval 212.9% 0.0% 10.0% ;; DB:cpe cisco-json 15.2% 0.0% 10.0%	sha256:a70e09b0666499935cfde2fd50d5219524302df7367b2721b7b03da76675e21e
29710730310	DB	2026-07-20T01:18:19Z	schedule	guard-trip	db	DB:suse.linux.enterprise:16 suse-oval 212.9% 0.0% 10.0% ;; DB:cpe cisco-json 15.2% 0.0% 10.0%	sha256:d52ca314b8478a2fb0403ee2b035393caba910be86bb53b201709621a60d0c6f
29713287627	DB(Nightly)	2026-07-20T02:48:57Z	schedule	guard-trip	db	DB:suse.linux.enterprise:16 suse-oval 212.9% 0.0% 10.0% ;; DB:cpe cisco-json 15.2% 0.0% 10.0%	sha256:450e3bf6d8b141f1a54ff02a1fcdf971590ad3609d5b710ab5093684521fdac2
29728119342	DB	2026-07-20T08:30:32Z	schedule	guard-trip	db	DB:suse.linux.enterprise:16 suse-oval 212.9% 0.0% 10.0% ;; DB:cpe cisco-json 15.2% 0.0% 10.0%	sha256:1988c518cd9fbe77f1d1742a9a7a468ea0629c77f987879d79267858807bd228
29729463272	DB(Nightly)	2026-07-20T08:54:28Z	schedule	guard-trip	db	DB:suse.linux.enterprise:16 suse-oval 212.9% 0.0% 10.0% ;; DB:cpe cisco-json 15.2% 0.0% 10.0%	sha256:f02dc2de7d906a71de1d4f798ae7064bc776b8dd2e27aaa4eab93378edb40646
29747204754	DB	2026-07-20T13:39:43Z	schedule	guard-trip	det_master+det_old+db	DET_MASTER:debian_12 debian-security-tracker-salsa 4280 4528 248 0 5.8% 5.0% ;; DET_OLD:debian_12 debian-security-tracker-salsa 4280 4528 248 0 5.8% 5.0% ;; DB:suse.linux.enterprise:16 suse-oval 212.9% 0.0% 10.0% ;; DB:cpe cisco-json 15.2% 0.0% 10.0%	sha256:e3ea773cc6e021f7382cc4b6ee9222f43a963fdff834aea7adcf2c64c22dee00
29748836444	DB(Nightly)	2026-07-20T14:01:59Z	schedule	guard-trip	det_master+det_old+db	DET_MASTER:debian_12 debian-security-tracker-salsa 4280 4528 248 0 5.8% 5.0% ;; DET_OLD:debian_12 debian-security-tracker-salsa 4280 4528 248 0 5.8% 5.0% ;; DB:suse.linux.enterprise:16 suse-oval 212.9% 0.0% 10.0% ;; DB:cpe cisco-json 15.2% 0.0% 10.0%	sha256:ca8e67f3e91a6fa06596efa473724ac77139d089f7bd114d381b6b155a549a6d
29771441927	DB	2026-07-20T19:18:29Z	schedule	guard-trip	det_master+det_old+db	DET_MASTER:debian_12 debian-security-tracker-salsa 4280 4520 240 0 5.6% 5.0% ;; DET_OLD:debian_12 debian-security-tracker-salsa 4280 4520 240 0 5.6% 5.0% ;; DB:suse.linux.enterprise:16 suse-oval 212.9% 0.0% 10.0% ;; DB:cpe cisco-json 15.2% 0.0% 10.0%	sha256:e2c7633122964b305fe2410207014c327d0f0e828ec95449142a79950b5de54e
29773000583	DB(Nightly)	2026-07-20T19:41:16Z	schedule	guard-trip	det_master+det_old+db	DET_MASTER:debian_12 debian-security-tracker-salsa 4280 4520 240 0 5.6% 5.0% ;; DET_OLD:debian_12 debian-security-tracker-salsa 4280 4520 240 0 5.6% 5.0% ;; DB:suse.linux.enterprise:16 suse-oval 212.9% 0.0% 10.0% ;; DB:cpe cisco-json 15.2% 0.0% 10.0%	sha256:89c635a87923a8bd78793aeba18298f24c5f3a79749a4de1db851afecb15a237
29882532080	DB	2026-07-22T01:14:00Z	schedule	guard-trip	det_master	DET_MASTER:cpe_cisco vulncheck-nist-nvd2 22 67 45 0 204.5% 5.0% ;; DET_MASTER:cpe_kernel vulncheck-nist-nvd2 1000 1184 184 0 18.4% 5.0%	sha256:fce6955477585da6b7e40976c5c127ba7f387e7e606ae8e93c3a4a3b7504b81a
29886026482	DB(Nightly)	2026-07-22T02:30:59Z	schedule	guard-trip	det_master	DET_MASTER:cpe_cisco vulncheck-nist-nvd2 22 67 45 0 204.5% 5.0% ;; DET_MASTER:cpe_kernel vulncheck-nist-nvd2 1000 1184 184 0 18.4% 5.0%	sha256:72c6d7d71413fd3a5e84c2469e100e332a88b9e90d3f811f3db45c4e92a06365
29902385308	DB	2026-07-22T08:01:35Z	schedule	guard-trip	det_master	DET_MASTER:cpe_cisco vulncheck-nist-nvd2 67 22 0 45 67.2% 5.0%	sha256:f83aa294db3218ff93c6f5d7bad8b2daaebb84ccbce734f55fb118d7813949dd
29903945200	DB(Nightly)	2026-07-22T08:25:37Z	schedule	guard-trip	det_master	DET_MASTER:cpe_cisco vulncheck-nist-nvd2 67 22 0 45 67.2% 5.0%	sha256:00be96c6f0ea2b9381c680b3a1a6baf805e58ea179f1068765819c358933d6e5
29922904984	DB	2026-07-22T13:12:54Z	schedule	guard-trip	det_master	DET_MASTER:cpe_cisco vulncheck-nist-nvd2 67 22 0 45 67.2% 5.0%	sha256:6844e4b88e1de43a93cf8fa114076a8bb9d1aef8c0f935d79e1e35b192c45dcf
29925591140	DB(Nightly)	2026-07-22T13:48:38Z	schedule	guard-trip	det_master	DET_MASTER:cpe_cisco vulncheck-nist-nvd2 67 22 0 45 67.2% 5.0%	sha256:720fcbf5672f2e456dcbcbec4c11b3adc54758d11e6ca5cc38a09af2f44a10f9
29948486582	DB	2026-07-22T18:51:16Z	schedule	guard-trip	det_master+db	DET_MASTER:cpe_cisco vulncheck-nist-nvd2 67 22 0 45 67.2% 5.0% ;; DB:redhat:9 redhat-vex 10.3% 0.0% 10.0%	sha256:5a4d2a2f4abef9c4cab9c8a792560c58c6f6fb1ae9e1a0aeee959a5edc290422
29950167821	DB(Nightly)	2026-07-22T19:15:01Z	schedule	guard-trip	det_master+db	DET_MASTER:cpe_cisco vulncheck-nist-nvd2 67 22 0 45 67.2% 5.0% ;; DB:redhat:9 redhat-vex 10.3% 0.0% 10.0%	sha256:9d3ec3fc6e3df6dabddba61ad375574c704411a5750d3d82e4dd0b38225907db
30061897399	DB(Nightly)	2026-07-24T02:32:33Z	schedule	guard-trip	db	DB:fedora:45 fedora-api 269.6% 0.0% 50.0%	sha256:f881825cd64d977881dc77d0b439025bd03357731d7e64b5a90dbf3877b71d51
30077405039	DB	2026-07-24T08:00:42Z	schedule	guard-trip	db	DB:fedora:45 fedora-api 273.0% 0.0% 50.0%	sha256:17609d4fbab3907c095920dd68891f76a6543a2309dcb944e05e402f48ebcc16
30078805717	DB(Nightly)	2026-07-24T08:24:21Z	schedule	guard-trip	db	DB:fedora:45 fedora-api 273.0% 0.0% 50.0%	sha256:612ae8d30ab11feff6d97eb0204c2e571e5c0385453a1799da128be434a5ba67
30095766295	DB	2026-07-24T13:09:17Z	schedule	guard-trip	db	DB:fedora:45 fedora-api 273.0% 0.0% 50.0%	sha256:c5ffa21741dcc850b277a23f4d39a91638f6b6eb25843e7325ff63069df718a7
30097854422	DB(Nightly)	2026-07-24T13:40:55Z	schedule	guard-trip	db	DB:fedora:45 fedora-api 273.0% 0.0% 50.0%	sha256:5cd394900a0cfc1832eaf23c97298a5574e5db5eded230cba7c753ba1e072e80
30119497662	DB	2026-07-24T19:06:00Z	schedule	guard-trip	db	DB:fedora:45 fedora-api 273.2% 0.0% 50.0%	sha256:2ff260d34d639476143b95ef5e900d2cea75e3d4a5199787105b690c2f193eee
30120454046	DB(Nightly)	2026-07-24T19:22:21Z	schedule	guard-trip	db	DB:fedora:45 fedora-api 273.2% 0.0% 50.0%	sha256:61ea171a5608f27197a28f0b4a85ec514c00e5cac26c06bf34c58b541e02536a
30138196528	DB	2026-07-25T01:17:43Z	schedule	guard-trip	db	DB:fedora:45 fedora-api 273.2% 0.0% 50.0%	sha256:ca915e9952092cc20d312b9269a7755ab2456791d9e224206c18742e63b4ac53
30140565706	DB(Nightly)	2026-07-25T02:30:39Z	schedule	guard-trip	db	DB:fedora:45 fedora-api 273.2% 0.0% 50.0%	sha256:0138a785abcee9a6ee0dfbb9f9cb5f42107ed2562ea5207d08b97a1e74716727
30149861855	DB	2026-07-25T07:44:52Z	schedule	guard-trip	db	DB:fedora:45 fedora-api 273.2% 0.0% 50.0%	sha256:06a680befdde9957acd88c87c43bda0a4ad54daf30751c65c474d878d2975a27
30150418752	DB(Nightly)	2026-07-25T08:03:19Z	schedule	guard-trip	db	DB:fedora:45 fedora-api 273.2% 0.0% 50.0%	sha256:566853946becd848c378a42e2703f3885b0ea60fc265eab617f8b35f6ca41eb0
30159576384	DB(Nightly)	2026-07-25T13:21:30Z	schedule	build-fail			
30170881326	DB(Nightly)	2026-07-25T19:04:10Z	schedule	guard-trip	db	DB:cpe cisco-json 10.9% 0.0% 10.0%	sha256:44e9b5819ba554f6f26490b87b6c7156f6390fb51a263b6c7a79842451a72bdf
30184876462	DB(Nightly)	2026-07-26T02:38:20Z	schedule	guard-trip	db	DB:cpe cisco-json 10.9% 0.0% 10.0%	sha256:d2c8e3ffc83871c41418ad6ef26d8b4bbb2ecccdd662b0034f6ab1cf9950ac8e
30193804136	DB	2026-07-26T08:00:06Z	schedule	guard-trip	det_master	DET_MASTER:cpe_kernel vulncheck-nist-nvd2 1170 1317 147 0 12.6% 5.0%	sha256:0fd527462ec6848117efeeaf919430fd0a703e8d023988e1c40a660c211a26d7
30194537380	DB(Nightly)	2026-07-26T08:23:29Z	schedule	guard-trip	det_master+db	DET_MASTER:cpe_kernel vulncheck-nist-nvd2 1149 1317 181 13 16.9% 5.0% ;; DB:cpe cisco-json 10.9% 0.0% 10.0%	sha256:200cc83663a04092dccc42fc314fe9c75a18e2a655f51eb52dc5201358ca4fd9
30202806167	DB	2026-07-26T12:48:59Z	schedule	guard-trip	det_master	DET_MASTER:cpe_kernel vulncheck-nist-nvd2 1170 1317 147 0 12.6% 5.0%	sha256:0fb24eb4eb8c0d2a250ce4d000945f76756082f17ebde9d81b025401e19e04ba
30203744002	DB(Nightly)	2026-07-26T13:17:25Z	schedule	guard-trip	det_master+db	DET_MASTER:cpe_kernel vulncheck-nist-nvd2 1149 1317 181 13 16.9% 5.0% ;; DB:cpe cisco-json 10.9% 0.0% 10.0%	sha256:2f5d5dd21db65ac083571abc51fb415e4debdf0004b9521c0a0853427da37511
30216168106	DB(Nightly)	2026-07-26T19:06:52Z	schedule	guard-trip	det_master+db	DET_MASTER:cpe_kernel vulncheck-nist-nvd2 1149 1317 181 13 16.9% 5.0% ;; DB:cpe cisco-json 10.9% 0.0% 10.0%	sha256:39516634a7c1c5f4da2ede69d4d4906a429902ed2d2e74483ecdab65bc40a51c
30232992911	DB(Nightly)	2026-07-27T02:46:52Z	schedule	guard-trip	det_master+db	DET_MASTER:cpe_kernel vulncheck-nist-nvd2 1149 1317 181 13 16.9% 5.0% ;; DB:cpe cisco-json 15.8% 0.0% 10.0%	sha256:5a2704634d63ff6e3af7cd5ae5ab73d9fdd720bb40070d02fb8b1f525d3b3c8d
30255496523	DB(Nightly)	2026-07-27T09:48:41Z	schedule	guard-trip	det_master+db	DET_MASTER:cpe_kernel vulncheck-nist-nvd2 1149 1319 183 13 17.1% 5.0% ;; DB:cpe cisco-json 15.8% 0.0% 10.0%	sha256:dcf42068a6ab561d5319ac5cbdee8544e5e998477c231afe3fa82aec79afbc55
30275306321	DB(Nightly)	2026-07-27T14:29:15Z	schedule	guard-trip	det_master+db	DET_MASTER:cpe_kernel vulncheck-nist-nvd2 1149 1319 183 13 17.1% 5.0% ;; DB:cpe cisco-json 15.8% 0.0% 10.0%	sha256:044e5ef4700d95c9b41dcf4d768805a422e6324dfe2fd15271c689edcbaf47e5
30298076782	DB(Nightly)	2026-07-27T19:24:08Z	schedule	guard-trip	det_master+db	DET_MASTER:cpe_kernel vulncheck-nist-nvd2 1149 1319 183 13 17.1% 5.0% ;; DB:cpe cisco-json 15.8% 0.0% 10.0%	sha256:f0b16f22c4d9abf8ba45cd7ee5a9374f7a41e02f7feb632dd30fe139eb95f66e
30323059853	DB(Nightly)	2026-07-28T02:25:28Z	schedule	guard-trip	det_master+db	DET_MASTER:cpe_kernel vulncheck-nist-nvd2 1149 1316 180 13 16.8% 5.0% ;; DB:cpe cisco-json 16.3% 0.0% 10.0%	sha256:6b1ca7b19093f214bd7542c0d897a6bd1c7253a8d97e98408d615c044e128a93
30342649037	DB(Nightly)	2026-07-28T08:30:19Z	schedule	guard-trip	det_master+db	DET_MASTER:cpe_kernel vulncheck-nist-nvd2 1149 1316 180 13 16.8% 5.0% ;; DB:cpe cisco-json 16.3% 0.0% 10.0%	sha256:f059337cf8288baae1f73e847d7323fe8b9729824cd74f437134fa2671d76b51
30366382258	DB(Nightly)	2026-07-28T14:02:20Z	schedule	guard-trip	det_master+det_old+db	DET_MASTER:cpe_kernel vulncheck-nist-nvd2 1149 1322 186 13 17.3% 5.0% ;; DET_MASTER:debian_12 debian-security-tracker-salsa 4564 4797 235 2 5.2% 5.0% ;; DET_OLD:debian_12 debian-security-tracker-salsa 4564 4797 235 2 5.2% 5.0% ;; DB:cpe cisco-json 16.3% 0.0% 10.0%	sha256:8d8becf8eaaaf0324f6b546267065227364e60012e222460fc8fc6cc54b172ed
30391488230	DB(Nightly)	2026-07-28T19:20:08Z	schedule	guard-trip	det_master+det_old+db	DET_MASTER:cpe_kernel vulncheck-nist-nvd2 1149 1322 186 13 17.3% 5.0% ;; DET_MASTER:debian_12 debian-security-tracker-salsa 4564 4797 235 2 5.2% 5.0% ;; DET_OLD:debian_12 debian-security-tracker-salsa 4564 4797 235 2 5.2% 5.0% ;; DB:cpe cisco-json 16.3% 0.0% 10.0%	sha256:44fb64511c450a9feb3279dd4e77330dd1f849d1c49743bfec3b4c1959d227c0
30616220730	DB	2026-07-31T08:25:02Z	schedule	other-fail			
30617502603	DB(Nightly)	2026-07-31T08:46:36Z	schedule	guard-trip	det_master	DET_MASTER:cpe_fortinet fortinet-csaf 37 40 3 0 8.1% 5.0%	sha256:22de5d92236695ee4d8a1f5f8c84ebe44441148997b453a874902b7d93b9bb72
30636854636	DB(Nightly)	2026-07-31T14:01:34Z	schedule	guard-trip	det_master	DET_MASTER:cpe_fortinet fortinet-csaf 37 40 3 0 8.1% 5.0%	sha256:7a7fd42fbb67b55af8d70ba3c76a7e8ae6533b0277c68eb33a29419b7afa258a
30657433725	DB	2026-07-31T19:00:34Z	schedule	other-fail			
30658784499	DB(Nightly)	2026-07-31T19:21:34Z	schedule	guard-trip	det_master	DET_MASTER:cpe_fortinet fortinet-csaf 37 40 3 0 8.1% 5.0%	sha256:697769eab6ac6a0e3cb036f8c3a14bc30082906c433d5e23d1c28b820d3dfc0d
30677761410	DB	2026-08-01T01:22:15Z	schedule	build-fail			
30680429673	DB(Nightly)	2026-08-01T02:39:09Z	schedule	guard-trip	det_master	DET_MASTER:cpe_fortinet fortinet-csaf 37 40 3 0 8.1% 5.0%	sha256:85d101f07c932a253b81f620b4944f029aa255204b6f76ccb71ebc53ac27c147
30690685532	DB	2026-08-01T07:54:49Z	schedule	other-fail			
30691470966	DB(Nightly)	2026-08-01T08:17:24Z	schedule	guard-trip	det_master	DET_MASTER:cpe_fortinet fortinet-csaf 37 40 3 0 8.1% 5.0%	sha256:b5cd7f99d7f8b4b27c5bd5403bc41225846fe650a07fbe48d87d8e4836d9e6e5
30700324555	DB	2026-08-01T12:45:00Z	schedule	guard-trip	det_master	DET_MASTER:windows_11_21h2 microsoft-cvrf 1484 1868 384 0 25.9% 10.0% ;; DET_MASTER:windows_11_22h2 microsoft-cvrf 1510 1894 384 0 25.4% 10.0% ;; DET_MASTER:windows_10_20h2 microsoft-cvrf 1729 2113 384 0 22.2% 10.0% ;; DET_MASTER:windows_11_23h2 microsoft-cvrf 1868 2252 384 0 20.6% 20.0% ;; DET_MASTER:windows_10_21h1 microsoft-cvrf 3332 3716 384 0 11.5% 10.0% ;; DET_MASTER:windows_10_22h2 microsoft-cvrf 3630 4014 384 0 10.6% 10.0% ;; DET_MASTER:cpe_fortinet fortinet-csaf 37 40 3 0 8.1% 5.0%	sha256:e4357ed7d10dd8ae9b8d005aef5aaa322488057b3b2a8c9bd1385096172f518d
30701380739	DB(Nightly)	2026-08-01T13:16:05Z	schedule	guard-trip	det_master	DET_MASTER:windows_11_21h2 microsoft-cvrf 1484 1868 384 0 25.9% 10.0% ;; DET_MASTER:windows_11_22h2 microsoft-cvrf 1510 1894 384 0 25.4% 10.0% ;; DET_MASTER:windows_10_20h2 microsoft-cvrf 1729 2113 384 0 22.2% 10.0% ;; DET_MASTER:windows_11_23h2 microsoft-cvrf 1868 2252 384 0 20.6% 20.0% ;; DET_MASTER:windows_10_21h1 microsoft-cvrf 3332 3716 384 0 11.5% 10.0% ;; DET_MASTER:windows_10_22h2 microsoft-cvrf 3630 4014 384 0 10.6% 10.0% ;; DET_MASTER:cpe_fortinet fortinet-csaf 37 40 3 0 8.1% 5.0%	sha256:942507f7ee895b6e2a5b1c72e6c9f8e1511aa58054c7deec4c5c4b95c38fb026
30713264129	DB	2026-08-01T18:45:46Z	schedule	guard-trip	det_master	DET_MASTER:windows_11_21h2 microsoft-cvrf 1484 1868 384 0 25.9% 10.0% ;; DET_MASTER:windows_11_22h2 microsoft-cvrf 1510 1894 384 0 25.4% 10.0% ;; DET_MASTER:windows_10_20h2 microsoft-cvrf 1729 2113 384 0 22.2% 10.0% ;; DET_MASTER:windows_11_23h2 microsoft-cvrf 1868 2252 384 0 20.6% 20.0% ;; DET_MASTER:windows_10_21h1 microsoft-cvrf 3332 3716 384 0 11.5% 10.0% ;; DET_MASTER:windows_10_22h2 microsoft-cvrf 3630 4014 384 0 10.6% 10.0% ;; DET_MASTER:cpe_fortinet fortinet-csaf 37 40 3 0 8.1% 5.0%	sha256:1404bd89de413de7c7266ab9905c6306f51484e9b720f1cdfc24837b0747a1f4
30713984434	DB(Nightly)	2026-08-01T19:04:54Z	schedule	guard-trip	det_master	DET_MASTER:windows_11_21h2 microsoft-cvrf 1484 1868 384 0 25.9% 10.0% ;; DET_MASTER:windows_11_22h2 microsoft-cvrf 1510 1894 384 0 25.4% 10.0% ;; DET_MASTER:windows_10_20h2 microsoft-cvrf 1729 2113 384 0 22.2% 10.0% ;; DET_MASTER:windows_11_23h2 microsoft-cvrf 1868 2252 384 0 20.6% 20.0% ;; DET_MASTER:windows_10_21h1 microsoft-cvrf 3332 3716 384 0 11.5% 10.0% ;; DET_MASTER:windows_10_22h2 microsoft-cvrf 3630 4014 384 0 10.6% 10.0% ;; DET_MASTER:cpe_fortinet fortinet-csaf 37 40 3 0 8.1% 5.0%	sha256:53faf7298304a436f2f116f5320fbfec42cd77445469d23542b3a2348396f9d5
30726868791	DB	2026-08-02T01:20:07Z	schedule	guard-trip	det_master+db	DET_MASTER:windows_11_21h2 microsoft-cvrf 1484 1868 384 0 25.9% 10.0% ;; DET_MASTER:windows_11_22h2 microsoft-cvrf 1510 1894 384 0 25.4% 10.0% ;; DET_MASTER:windows_10_20h2 microsoft-cvrf 1729 2113 384 0 22.2% 10.0% ;; DET_MASTER:windows_11_23h2 microsoft-cvrf 1868 2252 384 0 20.6% 20.0% ;; DET_MASTER:windows_10_21h1 microsoft-cvrf 3332 3716 384 0 11.5% 10.0% ;; DET_MASTER:windows_10_22h2 microsoft-cvrf 3630 4014 384 0 10.6% 10.0% ;; DET_MASTER:cpe_fortinet fortinet-csaf 37 40 3 0 8.1% 5.0% ;; DB:cpe cisco-json 10.6% 0.0% 10.0%	sha256:b1b2daa2579c48dc12abcd9196198834607b37336d0b9ac82979a9174b707120
30729191299	DB(Nightly)	2026-08-02T02:37:39Z	schedule	guard-trip	det_master+db	DET_MASTER:windows_11_21h2 microsoft-cvrf 1484 1868 384 0 25.9% 10.0% ;; DET_MASTER:windows_11_22h2 microsoft-cvrf 1510 1894 384 0 25.4% 10.0% ;; DET_MASTER:windows_10_20h2 microsoft-cvrf 1729 2113 384 0 22.2% 10.0% ;; DET_MASTER:windows_11_23h2 microsoft-cvrf 1868 2252 384 0 20.6% 20.0% ;; DET_MASTER:windows_10_21h1 microsoft-cvrf 3332 3716 384 0 11.5% 10.0% ;; DET_MASTER:windows_10_22h2 microsoft-cvrf 3630 4014 384 0 10.6% 10.0% ;; DET_MASTER:cpe_fortinet fortinet-csaf 37 40 3 0 8.1% 5.0% ;; DB:cpe cisco-json 10.6% 0.0% 10.0%	sha256:3e824982a49e478a3c132b2f4be1deddfea8314e6eb420e9ffabc7d73de0b55f
30738787761	DB	2026-08-02T07:56:42Z	schedule	guard-trip	det_master+db	DET_MASTER:windows_11_21h2 microsoft-cvrf 1484 1868 384 0 25.9% 10.0% ;; DET_MASTER:windows_11_22h2 microsoft-cvrf 1510 1894 384 0 25.4% 10.0% ;; DET_MASTER:windows_10_20h2 microsoft-cvrf 1729 2113 384 0 22.2% 10.0% ;; DET_MASTER:windows_11_23h2 microsoft-cvrf 1868 2252 384 0 20.6% 20.0% ;; DET_MASTER:windows_10_21h1 microsoft-cvrf 3332 3716 384 0 11.5% 10.0% ;; DET_MASTER:windows_10_22h2 microsoft-cvrf 3630 4014 384 0 10.6% 10.0% ;; DET_MASTER:cpe_fortinet fortinet-csaf 37 40 3 0 8.1% 5.0% ;; DB:cpe cisco-json 10.6% 0.0% 10.0%	sha256:b258171a77aba5c69702dfccb421dc1bf510a9993937b88fa69c27e363ba101a
30739615774	DB(Nightly)	2026-08-02T08:21:20Z	schedule	guard-trip	det_master+db	DET_MASTER:windows_11_21h2 microsoft-cvrf 1484 1868 384 0 25.9% 10.0% ;; DET_MASTER:windows_11_22h2 microsoft-cvrf 1510 1894 384 0 25.4% 10.0% ;; DET_MASTER:windows_10_20h2 microsoft-cvrf 1729 2113 384 0 22.2% 10.0% ;; DET_MASTER:windows_11_23h2 microsoft-cvrf 1868 2252 384 0 20.6% 20.0% ;; DET_MASTER:windows_10_21h1 microsoft-cvrf 3332 3716 384 0 11.5% 10.0% ;; DET_MASTER:windows_10_22h2 microsoft-cvrf 3630 4014 384 0 10.6% 10.0% ;; DET_MASTER:cpe_fortinet fortinet-csaf 37 40 3 0 8.1% 5.0% ;; DB:cpe cisco-json 10.6% 0.0% 10.0%	sha256:b3642774f71051aded82c69d83ddc9f0960b8d8d2fc5e918122aacf83cb62e6a
30748581421	DB	2026-08-02T12:48:01Z	schedule	guard-trip	det_master+db	DET_MASTER:windows_11_21h2 microsoft-cvrf 1484 1868 384 0 25.9% 10.0% ;; DET_MASTER:windows_11_22h2 microsoft-cvrf 1510 1894 384 0 25.4% 10.0% ;; DET_MASTER:windows_10_20h2 microsoft-cvrf 1729 2113 384 0 22.2% 10.0% ;; DET_MASTER:windows_11_23h2 microsoft-cvrf 1868 2252 384 0 20.6% 20.0% ;; DET_MASTER:windows_10_21h1 microsoft-cvrf 3332 3716 384 0 11.5% 10.0% ;; DET_MASTER:windows_10_22h2 microsoft-cvrf 3630 4014 384 0 10.6% 10.0% ;; DET_MASTER:cpe_fortinet fortinet-csaf 37 40 3 0 8.1% 5.0% ;; DB:cpe cisco-json 10.6% 0.0% 10.0%	sha256:4993a07a773493ebbe36d57527d0f4987df5b069670a31705dbf1844230ab618
30749582672	DB(Nightly)	2026-08-02T13:16:31Z	schedule	guard-trip	det_master+db	DET_MASTER:windows_11_21h2 microsoft-cvrf 1484 1868 384 0 25.9% 10.0% ;; DET_MASTER:windows_11_22h2 microsoft-cvrf 1510 1894 384 0 25.4% 10.0% ;; DET_MASTER:windows_10_20h2 microsoft-cvrf 1729 2113 384 0 22.2% 10.0% ;; DET_MASTER:windows_11_23h2 microsoft-cvrf 1868 2252 384 0 20.6% 20.0% ;; DET_MASTER:windows_10_21h1 microsoft-cvrf 3332 3716 384 0 11.5% 10.0% ;; DET_MASTER:windows_10_22h2 microsoft-cvrf 3630 4014 384 0 10.6% 10.0% ;; DET_MASTER:cpe_fortinet fortinet-csaf 37 40 3 0 8.1% 5.0% ;; DB:cpe cisco-json 10.6% 0.0% 10.0%	sha256:94a1c628c0ad9c3ba2fde8f93ff5f5097f97448e16fb6c2d4c6448ffc7f30e8b
30762636889	DB(Nightly)	2026-08-02T19:06:40Z	schedule	guard-trip	det_master+db	DET_MASTER:windows_11_21h2 microsoft-cvrf 1484 1868 384 0 25.9% 10.0% ;; DET_MASTER:windows_11_22h2 microsoft-cvrf 1510 1894 384 0 25.4% 10.0% ;; DET_MASTER:windows_10_20h2 microsoft-cvrf 1729 2113 384 0 22.2% 10.0% ;; DET_MASTER:windows_11_23h2 microsoft-cvrf 1868 2252 384 0 20.6% 20.0% ;; DET_MASTER:windows_10_21h1 microsoft-cvrf 3332 3716 384 0 11.5% 10.0% ;; DET_MASTER:windows_10_22h2 microsoft-cvrf 3630 4014 384 0 10.6% 10.0% ;; DET_MASTER:cpe_fortinet fortinet-csaf 37 40 3 0 8.1% 5.0% ;; DB:cpe cisco-json 10.6% 0.0% 10.0%	sha256:a8726500af754fd8a63ccf033d5f2a2ef2e807ebf66844af35a4a88fb27f304f
30776642418	DB	2026-08-03T01:20:31Z	schedule	guard-trip	det_master+db	DET_MASTER:windows_11_21h2 microsoft-cvrf 1484 1868 384 0 25.9% 10.0% ;; DET_MASTER:windows_11_22h2 microsoft-cvrf 1510 1894 384 0 25.4% 10.0% ;; DET_MASTER:windows_10_20h2 microsoft-cvrf 1729 2113 384 0 22.2% 10.0% ;; DET_MASTER:windows_11_23h2 microsoft-cvrf 1868 2252 384 0 20.6% 20.0% ;; DET_MASTER:windows_10_21h1 microsoft-cvrf 3332 3716 384 0 11.5% 10.0% ;; DET_MASTER:windows_10_22h2 microsoft-cvrf 3630 4014 384 0 10.6% 10.0% ;; DET_MASTER:cpe_fortinet fortinet-csaf 37 40 3 0 8.1% 5.0% ;; DB:cpe cisco-json 10.6% 0.0% 10.0%	sha256:a70af63ba93820056c31357febed4c583a726f7992891f261fff743619d1fc7e
30942280108	DB	2026-08-04T19:13:25Z	schedule	guard-trip	det_master+det_old+db	DET_MASTER:opensuse_leap_16 suse-oval 2163 2480 319 2 14.8% 5.0% ;; DET_MASTER:opensuse_leap_16_kernel-default-base suse-oval 2045 2332 289 2 14.2% 5.0% ;; DET_OLD:opensuse_leap_16 suse-oval 2163 2480 319 2 14.8% 5.0% ;; DET_OLD:opensuse_leap_16_kernel-default-base suse-oval 2045 2332 289 2 14.2% 5.0% ;; DB:opensuse.leap:16.0 suse-oval 16.1% 0.0% 10.0%	sha256:dba1d1234a46fd1178a86f319fb111c99c3a245a720a157d54da87549b30a5c1
30943924541	DB(Nightly)	2026-08-04T19:34:47Z	schedule	guard-trip	det_master+det_old+db	DET_MASTER:opensuse_leap_16 suse-oval 2163 2480 319 2 14.8% 5.0% ;; DET_MASTER:opensuse_leap_16_kernel-default-base suse-oval 2045 2332 289 2 14.2% 5.0% ;; DET_OLD:opensuse_leap_16 suse-oval 2163 2480 319 2 14.8% 5.0% ;; DET_OLD:opensuse_leap_16_kernel-default-base suse-oval 2045 2332 289 2 14.2% 5.0% ;; DB:opensuse.leap:16.0 suse-oval 16.1% 0.0% 10.0%	sha256:b60a465046cc4878504a0c32e2b57e75c076b3b49603639696d46a5e2959f673
30965749552	DB	2026-08-05T01:13:23Z	schedule	guard-trip	det_master+det_old+db	DET_MASTER:opensuse_leap_16 suse-oval 2163 2480 319 2 14.8% 5.0% ;; DET_MASTER:opensuse_leap_16_kernel-default-base suse-oval 2045 2332 289 2 14.2% 5.0% ;; DET_OLD:opensuse_leap_16 suse-oval 2163 2480 319 2 14.8% 5.0% ;; DET_OLD:opensuse_leap_16_kernel-default-base suse-oval 2045 2332 289 2 14.2% 5.0% ;; DB:opensuse.leap:16.0 suse-oval 16.1% 0.0% 10.0%	sha256:9d7333cfbf8108302f6a99106ff0f5a67eda63cf64ce50260155b73941e4a1e9
31010267522	DB	2026-08-05T13:27:16Z	schedule	guard-trip	det_master+det_old	DET_MASTER:amazon_2_extra_kernel amazon 1582 1662 80 0 5.1% 5.0% ;; DET_OLD:amazon_2_extra_kernel amazon 1582 1662 80 0 5.1% 5.0%	sha256:500f75f5978f3719a93088e0a342c868e89dce363f2f41f2d5eec9065f0b5759
31037916162	DB	2026-08-05T19:06:55Z	schedule	guard-trip	det_master+det_old	DET_MASTER:amazon_2_extra_kernel amazon 1582 1662 80 0 5.1% 5.0% ;; DET_OLD:amazon_2_extra_kernel amazon 1582 1662 80 0 5.1% 5.0%	sha256:8fbe8e914a39b53aedd4b4737a14e9a3ccba47b41300b2dcdd8e43b37b09cc0f
31039404974	DB(Nightly)	2026-08-05T19:26:20Z	schedule	guard-trip	det_master+det_old	DET_MASTER:amazon_2_extra_kernel amazon 1582 1662 80 0 5.1% 5.0% ;; DET_OLD:amazon_2_extra_kernel amazon 1582 1662 80 0 5.1% 5.0%	sha256:e77be56731a07419e590398d68d9bc58f88844779d56864dee813a85a6e0cb42
31083666812	DB	2026-08-06T08:08:21Z	schedule	guard-trip	db	DB:microsoft microsoft-msuc 0.0% 211.3% 35.0%	sha256:b98e112f97dd703d14426b3b40613f3215c8febd2c86eb6a495a752dcc6ec97c
31085326818	DB(Nightly)	2026-08-06T08:32:37Z	schedule	guard-trip	det_master+db	DET_MASTER:cpe_fortinet fortinet-cvrf 163 283 120 0 73.6% 5.0% ;; DET_MASTER:cpe_fortinet jvn-feed-rss 9 6 0 3 33.3% 5.0% ;; DET_MASTER:cpe_fortinet vulncheck-nist-nvd2 6 5 0 1 16.7% 5.0% ;; DB:microsoft microsoft-msuc 0.0% 211.3% 35.0% ;; DB:cpe fortinet-cvrf 135.5% 0.0% 10.0%	sha256:762a64e61022fdad3dbda86668491047eefb7e32a8af59852f9316f4385812e7
31108920364	DB(Nightly)	2026-08-06T14:03:34Z	schedule	guard-trip	det_master+db	DET_MASTER:cpe_fortinet fortinet-cvrf 163 283 120 0 73.6% 5.0% ;; DET_MASTER:cpe_fortinet jvn-feed-rss 9 6 0 3 33.3% 5.0% ;; DET_MASTER:cpe_fortinet vulncheck-nist-nvd2 6 5 0 1 16.7% 5.0% ;; DB:microsoft microsoft-msuc 0.0% 211.3% 35.0% ;; DB:cpe fortinet-cvrf 135.5% 0.0% 10.0%	sha256:47ed49a33b428016e20aecd66dbed55d313885b576561c48a16721e761782a7f
31129042296	DB	2026-08-06T22:30:34Z	schedule	guard-trip	db	DB:microsoft microsoft-msuc 0.0% 211.3% 35.0%	sha256:591baf07a51404317c0e469c8ebaeeca96377eece6d7c91a5b5fd1922b137546
31132812374	DB(Nightly)	2026-08-06T23:55:56Z	schedule	guard-trip	det_master+db	DET_MASTER:cpe_fortinet fortinet-cvrf 163 283 120 0 73.6% 5.0% ;; DET_MASTER:cpe_fortinet jvn-feed-rss 9 6 0 3 33.3% 5.0% ;; DET_MASTER:cpe_fortinet vulncheck-nist-nvd2 6 5 0 1 16.7% 5.0% ;; DB:microsoft microsoft-msuc 0.0% 211.3% 35.0% ;; DB:cpe fortinet-cvrf 135.5% 0.0% 10.0%	sha256:83e232cea2e95a6bb1afa32f67297b15ba010ab9c5a6d2b52ac48f9ab5c91208
31155638453	DB	2026-08-07T06:54:47Z	schedule	guard-trip	det_master	DET_MASTER:cpe_cisco vulncheck-nist-nvd2 22 34 12 0 54.5% 5.0%	sha256:3d584c5a02211ca7806daf7fdd912e24a0e5813df9db15af9e3e28f25d4ae26f
31156716041	DB(Nightly)	2026-08-07T07:11:48Z	schedule	other-fail			
31208981627	DB(Nightly)	2026-08-07T18:53:01Z	schedule	guard-trip	det_master	DET_MASTER:cpe_cisco vulncheck-nist-nvd2 22 34 12 0 54.5% 5.0%	sha256:579bb0977aa77c1631f2a8421cd28bc99965b5abe5d54218c1927d9b2fffa964
31232580625	DB(Nightly)	2026-08-08T01:24:43Z	schedule	guard-trip	det_master	DET_MASTER:cpe_cisco vulncheck-nist-nvd2 22 34 12 0 54.5% 5.0%	sha256:d41472191332afadab3645438071b7a090133787fbd86f6ce08c7a2f48386ca2
31244782086	DB(Nightly)	2026-08-08T06:49:21Z	schedule	guard-trip	det_master	DET_MASTER:cpe_cisco vulncheck-nist-nvd2 22 34 12 0 54.5% 5.0%	sha256:38da202d15a8087367cc043fde366bbf974efd8e751c70e5f59c077e77336780
31257869261	DB(Nightly)	2026-08-08T12:42:58Z	schedule	guard-trip	det_master	DET_MASTER:cpe_cisco vulncheck-nist-nvd2 22 34 12 0 54.5% 5.0%	sha256:8fecbfea33277758f5ecc62d8f418020e6afae0f1f7c3ab9f35fd56fa113b99c
31272255509	DB(Nightly)	2026-08-08T18:34:17Z	schedule	guard-trip	det_master	DET_MASTER:cpe_cisco vulncheck-nist-nvd2 22 34 12 0 54.5% 5.0%	sha256:fc2eef87755d5296b7017e21c588027456b220dd3889ba3057954d9963382767
31286635076	DB	2026-08-09T00:39:11Z	schedule	other-fail			
31288625971	DB(Nightly)	2026-08-09T01:36:42Z	schedule	guard-trip	det_master	DET_MASTER:cpe_cisco vulncheck-nist-nvd2 22 34 12 0 54.5% 5.0%	sha256:e8128f367c083fe1f0fc54fad527e7986132d9ea6e9181807de917bdddf04351
31314071031	DB(Nightly)	2026-08-09T12:45:12Z	schedule	guard-trip	det_master	DET_MASTER:cpe_cisco vulncheck-nist-nvd2 22 34 12 0 54.5% 5.0%	sha256:1387e8e3a770d443d195a41218b93c7c64ee507489531a9288ca2f33d69dcd76
31329481254	DB(Nightly)	2026-08-09T18:36:57Z	schedule	guard-trip	det_master	DET_MASTER:cpe_cisco vulncheck-nist-nvd2 22 34 12 0 54.5% 5.0%	sha256:3626aeec6e4a4c2c7d534660309a28d6664b73ccfa970255edb9b3d427bd5cc5
31366578821	DB(Nightly)	2026-08-10T07:36:56Z	schedule	build-fail			
31388801102	DB	2026-08-10T12:36:10Z	schedule	guard-trip	det_master+db	DET_MASTER:cpe_fortinet fortinet-cvrf 163 283 120 0 73.6% 5.0% ;; DET_MASTER:cpe_fortinet jvn-feed-rss 9 6 0 3 33.3% 5.0% ;; DET_MASTER:cpe_fortinet vulncheck-nist-nvd2 6 5 0 1 16.7% 5.0% ;; DB:cpe fortinet-cvrf 135.5% 0.0% 10.0% ;; DB:microsoft microsoft-msuc 0.0% 36.7% 35.0%	sha256:a4ae738b7dbab4153cdb0c678eb53e275aff8ea4fb1fff9883f43f3d494fe094
31390913505	DB(Nightly)	2026-08-10T13:02:55Z	schedule	guard-trip	db	DB:microsoft microsoft-servicing 0.0% 100.0% 10.0% ;; DB:microsoft microsoft-msuc 0.0% 36.7% 35.0%	sha256:1b54707505ebc143e54732b3f0caf59a77d547a29d1e63d40cab1d0557c4bf1d
31419992365	DB	2026-08-10T18:37:12Z	schedule	guard-trip	det_master+db	DET_MASTER:cpe_fortinet fortinet-cvrf 163 283 120 0 73.6% 5.0% ;; DET_MASTER:cpe_fortinet jvn-feed-rss 9 6 0 3 33.3% 5.0% ;; DET_MASTER:cpe_fortinet vulncheck-nist-nvd2 6 5 0 1 16.7% 5.0% ;; DB:cpe fortinet-cvrf 135.5% 0.0% 10.0% ;; DB:microsoft microsoft-msuc 0.0% 37.8% 35.0%	sha256:aab30b96f528d1ce955d288a1c1bbea8ac80c0bd8f47988eb832904b9c664def
31421413130	DB(Nightly)	2026-08-10T18:54:11Z	schedule	guard-trip	db	DB:microsoft microsoft-servicing 0.0% 100.0% 10.0% ;; DB:microsoft microsoft-msuc 0.0% 37.8% 35.0%	sha256:644f210d3db81e0023c049ab258c2174b9ff90a98bcd071e4f7866b4f69aed24
31449854420	DB(Nightly)	2026-08-11T01:37:07Z	schedule	guard-trip	db	DB:microsoft microsoft-servicing 0.0% 100.0% 10.0% ;; DB:microsoft microsoft-msuc 0.0% 37.8% 35.0%	sha256:d22a0f446e94a8a97df8085fc7e0da6900fee5746c473e5f2d4807dca2ccd05c
31655718079	DB	2026-08-13T00:49:28Z	schedule	guard-trip	det_master+db	DET_MASTER:cpe_jvn vulncheck-nist-nvd2 71 25 6 52 81.7% 5.0% ;; DET_MASTER:cpe_cisco vulncheck-nist-nvd2 34 36 9 7 47.1% 5.0% ;; DET_MASTER:cpe_fortinet vulncheck-nist-nvd2 5 4 0 1 20.0% 5.0% ;; DET_MASTER:cpe_nvd vulncheck-nist-nvd2 26 21 0 5 19.2% 5.0% ;; DB:fedora:46 fedora-api 66.7% 0.0% 10.0% ;; DB:cpe vulncheck-nist-nvd2 50.3% 0.0% 10.0%	sha256:f53d7424d7e0da81332ccc51f166bcb681a4313ad76c7fdaf2695db238b6ad10
31658949081	DB(Nightly)	2026-08-13T01:50:07Z	schedule	guard-trip	det_master+db	DET_MASTER:cpe_jvn vulncheck-nist-nvd2 71 25 6 52 81.7% 5.0% ;; DET_MASTER:cpe_cisco vulncheck-nist-nvd2 34 36 9 7 47.1% 5.0% ;; DET_MASTER:cpe_fortinet vulncheck-nist-nvd2 5 4 0 1 20.0% 5.0% ;; DET_MASTER:cpe_nvd vulncheck-nist-nvd2 26 21 0 5 19.2% 5.0% ;; DB:fedora:46 fedora-api 66.7% 0.0% 10.0% ;; DB:cpe vulncheck-nist-nvd2 50.3% 0.0% 10.0%	sha256:6d89f31d72750df4f6a54cbd090c83ec34410cab6bc0f2f2fd8dbc950cb056a2
31677553492	DB(Nightly)	2026-08-13T07:23:20Z	schedule	guard-trip	det_master+db	DET_MASTER:cpe_jvn vulncheck-nist-nvd2 71 25 6 52 81.7% 5.0% ;; DET_MASTER:cpe_cisco vulncheck-nist-nvd2 34 36 9 7 47.1% 5.0% ;; DET_MASTER:cpe_fortinet vulncheck-nist-nvd2 5 4 0 1 20.0% 5.0% ;; DET_MASTER:cpe_nvd vulncheck-nist-nvd2 26 21 0 5 19.2% 5.0% ;; DB:fedora:46 fedora-api 66.7% 0.0% 10.0% ;; DB:cpe vulncheck-nist-nvd2 50.3% 0.0% 10.0%	sha256:963d18b41c83d6fd21fa9348dc2c59b6347d9b3a2f15ad102078524a8744a445
31700869631	DB	2026-08-13T12:36:49Z	schedule	guard-trip	det_master+db	DET_MASTER:cpe_fortinet vulncheck-nist-nvd2 4 6 2 0 50.0% 5.0% ;; DET_MASTER:cpe_cisco vulncheck-nist-nvd2 36 30 0 6 16.7% 5.0% ;; DB:fedora:46 fedora-api 2020.0% 0.0% 10.0% ;; DB:cpe paloalto-json 25.3% 0.0% 10.0% ;; DB:fedora:45 fedora-api 12.4% 0.0% 10.0%	sha256:d6a8ca41dc96ee2399b257ec13b3bb3defa1a3b615895da21fbc520bad8da0b1
31703167579	DB(Nightly)	2026-08-13T13:05:15Z	schedule	guard-trip	det_master+db	DET_MASTER:cpe_jvn vulncheck-nist-nvd2 71 25 6 52 81.7% 5.0% ;; DET_MASTER:cpe_cisco vulncheck-nist-nvd2 34 30 9 13 64.7% 5.0% ;; DET_MASTER:cpe_fortinet vulncheck-nist-nvd2 5 6 2 1 60.0% 5.0% ;; DET_MASTER:cpe_nvd vulncheck-nist-nvd2 26 21 0 5 19.2% 5.0% ;; DB:fedora:46 fedora-api 3433.3% 0.0% 10.0% ;; DB:cpe vulncheck-nist-nvd2 50.3% 0.0% 10.0% ;; DB:cpe paloalto-json 25.3% 0.0% 10.0% ;; DB:fedora:45 fedora-api 12.6% 0.0% 10.0%	sha256:18f07c76d17c3e9e27cfb3daf84d082ebcde27016116793230f4da8ba25b098e
31732114567	DB	2026-08-13T18:42:23Z	schedule	guard-trip	det_master+db	DET_MASTER:cpe_fortinet vulncheck-nist-nvd2 4 6 2 0 50.0% 5.0% ;; DET_MASTER:cpe_cisco vulncheck-nist-nvd2 36 30 0 6 16.7% 5.0% ;; DB:fedora:46 fedora-api 2020.0% 0.0% 10.0% ;; DB:cpe paloalto-json 25.3% 0.0% 10.0% ;; DB:fedora:45 fedora-api 12.4% 0.0% 10.0%	sha256:0d6ea883056a7a294e486b0f88b41ec0f6a95cb2a43006d8938cb8751e63e88f
31733575457	DB(Nightly)	2026-08-13T18:59:32Z	schedule	guard-trip	det_master+db	DET_MASTER:cpe_jvn vulncheck-nist-nvd2 71 25 6 52 81.7% 5.0% ;; DET_MASTER:cpe_cisco vulncheck-nist-nvd2 34 30 9 13 64.7% 5.0% ;; DET_MASTER:cpe_fortinet vulncheck-nist-nvd2 5 6 2 1 60.0% 5.0% ;; DET_MASTER:cpe_nvd vulncheck-nist-nvd2 26 21 0 5 19.2% 5.0% ;; DB:fedora:46 fedora-api 3433.3% 0.0% 10.0% ;; DB:cpe vulncheck-nist-nvd2 50.3% 0.0% 10.0% ;; DB:cpe paloalto-json 25.3% 0.0% 10.0% ;; DB:fedora:45 fedora-api 12.6% 0.0% 10.0%	sha256:c37b05ff1b416f9c4c8feb8571d4f8f2fd999209cc358b5670f228173cdf4bf9
31758617698	DB	2026-08-14T00:48:54Z	schedule	guard-trip	det_master+det_old+db	DET_MASTER:cpe_fortinet vulncheck-nist-nvd2 4 6 2 0 50.0% 5.0% ;; DET_MASTER:opensuse_leap_16_kernel-default-base suse-oval 2343 3232 889 0 37.9% 5.0% ;; DET_MASTER:opensuse_leap_16 suse-oval 2491 3381 890 0 35.7% 5.0% ;; DET_MASTER:cpe_cisco vulncheck-nist-nvd2 36 30 0 6 16.7% 5.0% ;; DET_OLD:opensuse_leap_16_kernel-default-base suse-oval 2343 3232 889 0 37.9% 5.0% ;; DET_OLD:opensuse_leap_16 suse-oval 2491 3381 890 0 35.7% 5.0% ;; DB:fedora:46 fedora-api 2020.0% 0.0% 10.0% ;; DB:opensuse.leap:16.0 suse-oval 36.9% 0.0% 10.0% ;; DB:cpe paloalto-json 25.3% 0.0% 10.0% ;; DB:fedora:45 fedora-api 12.4% 0.0% 10.0%	sha256:e34cb220dcd13c7df071fe8437e12da7571d953aef6ad2e7b6ba08d55077dc0e
31761726795	DB(Nightly)	2026-08-14T01:47:50Z	schedule	guard-trip	det_master+det_old+db	DET_MASTER:opensuse_leap_16_kernel-default-base suse-oval 2343 3232 889 0 37.9% 5.0% ;; DET_MASTER:opensuse_leap_16 suse-oval 2491 3381 890 0 35.7% 5.0% ;; DET_OLD:opensuse_leap_16_kernel-default-base suse-oval 2343 3232 889 0 37.9% 5.0% ;; DET_OLD:opensuse_leap_16 suse-oval 2491 3381 890 0 35.7% 5.0% ;; DB:opensuse.leap:16.0 suse-oval 36.9% 0.0% 10.0%	sha256:445252cf0add1833b8e8c7fc58ebcc4ffef1a2f49158d44eda8d4ec1d2c2bea8
31778323798	DB	2026-08-14T07:00:59Z	schedule	build-fail			
31855619849	DB(Nightly)	2026-08-15T01:07:01Z	schedule	guard-trip	det_master+db	DET_MASTER:cpe_cisco vulncheck-nist-nvd2 30 21 0 9 30.0% 5.0% ;; DB:cpe vulncheck-nist-nvd2 11.5% 0.0% 10.0%	sha256:b4ef510009085a9e70fac5d829376a774c2b8aa306a03af40408c9d6e4a93ad9
31868959581	DB	2026-08-15T06:14:42Z	schedule	guard-trip	det_master+db	DET_MASTER:cpe_cisco vulncheck-nist-nvd2 30 21 0 9 30.0% 5.0% ;; DB:cpe vulncheck-nist-nvd2 11.5% 0.0% 10.0%	sha256:a8fc8b3ac59e1331683d5a8e6f7676a1db2bb56bffa037c5a0ff33114dfe4ae1
31869776131	DB(Nightly)	2026-08-15T06:34:16Z	schedule	other-fail			
31883943164	DB	2026-08-15T12:10:48Z	schedule	guard-trip	det_master+db	DET_MASTER:cpe_cisco vulncheck-nist-nvd2 30 21 0 9 30.0% 5.0% ;; DB:cpe vulncheck-nist-nvd2 11.5% 0.0% 10.0%	sha256:829f706c1cbe3789182c14986e0279412c2c2b0e2ea3ed44cf1cacd8d43acd88
31884884752	DB(Nightly)	2026-08-15T12:32:57Z	schedule	guard-trip	det_master+db	DET_MASTER:cpe_cisco vulncheck-nist-nvd2 30 21 0 9 30.0% 5.0% ;; DB:cpe vulncheck-nist-nvd2 11.5% 0.0% 10.0%	sha256:9fd8fe32353b3cd5b1d31cc2d0fd2d503dfaa3e53da92f37e50b6f2baf3acd82
31901097004	DB(Nightly)	2026-08-15T18:25:44Z	schedule	guard-trip	det_master+db	DET_MASTER:cpe_cisco vulncheck-nist-nvd2 30 21 0 9 30.0% 5.0% ;; DB:cpe vulncheck-nist-nvd2 11.5% 0.0% 10.0%	sha256:d653f2082ffe47cf98369a2fa391ee1a24fc445ad61f97740803b27dbac1f295
31917264910	DB	2026-08-16T00:27:24Z	schedule	guard-trip	det_master+det_old+db	DET_MASTER:cpe_cisco vulncheck-nist-nvd2 30 21 0 9 30.0% 5.0% ;; DET_MASTER:debian_12 debian-security-tracker-salsa 5097 5541 444 0 8.7% 5.0% ;; DET_MASTER:debian_10 debian-security-tracker-salsa 13642 14355 713 0 5.2% 5.0% ;; DET_OLD:debian_12 debian-security-tracker-salsa 5097 5541 444 0 8.7% 5.0% ;; DET_OLD:debian_10 debian-security-tracker-salsa 13642 14355 713 0 5.2% 5.0% ;; DB:cpe vulncheck-nist-nvd2 11.5% 0.0% 10.0%	sha256:961614e37f72357880aa98cbcf2359d05945697ca6a6f21a1ec3f5f3b9249ae0
31918998907	DB(Nightly)	2026-08-16T01:11:18Z	schedule	guard-trip	det_master+det_old+db	DET_MASTER:cpe_cisco vulncheck-nist-nvd2 30 21 0 9 30.0% 5.0% ;; DET_MASTER:debian_12 debian-security-tracker-salsa 5097 5541 444 0 8.7% 5.0% ;; DET_MASTER:debian_10 debian-security-tracker-salsa 13642 14355 713 0 5.2% 5.0% ;; DET_OLD:debian_12 debian-security-tracker-salsa 5097 5541 444 0 8.7% 5.0% ;; DET_OLD:debian_10 debian-security-tracker-salsa 13642 14355 713 0 5.2% 5.0% ;; DB:cpe vulncheck-nist-nvd2 11.5% 0.0% 10.0%	sha256:ae1179d548960dca62e119e7f7e263a83c01d29f21ef94ed806387f3e25c848f
31931014984	DB	2026-08-16T06:16:18Z	schedule	guard-trip	det_master+det_old+db	DET_MASTER:cpe_cisco vulncheck-nist-nvd2 30 21 0 9 30.0% 5.0% ;; DET_MASTER:cpe_nvd vulncheck-nist-nvd2 21 23 2 0 9.5% 5.0% ;; DET_MASTER:debian_12 debian-security-tracker-salsa 5097 5541 444 0 8.7% 5.0% ;; DET_MASTER:debian_10 debian-security-tracker-salsa 13642 14355 713 0 5.2% 5.0% ;; DET_OLD:debian_12 debian-security-tracker-salsa 5097 5541 444 0 8.7% 5.0% ;; DET_OLD:debian_10 debian-security-tracker-salsa 13642 14355 713 0 5.2% 5.0% ;; DB:cpe vulncheck-nist-nvd2 11.8% 0.0% 10.0%	sha256:449c81ba4960ee72b4cfb8ffb7534f4a018c0ca8b6e05dacf9d375fcbf6c301e
31931804326	DB(Nightly)	2026-08-16T06:35:59Z	schedule	guard-trip	det_master+det_old+db	DET_MASTER:cpe_cisco vulncheck-nist-nvd2 30 21 0 9 30.0% 5.0% ;; DET_MASTER:cpe_nvd vulncheck-nist-nvd2 21 23 2 0 9.5% 5.0% ;; DET_MASTER:debian_12 debian-security-tracker-salsa 5097 5541 444 0 8.7% 5.0% ;; DET_MASTER:debian_10 debian-security-tracker-salsa 13642 14355 713 0 5.2% 5.0% ;; DET_OLD:debian_12 debian-security-tracker-salsa 5097 5541 444 0 8.7% 5.0% ;; DET_OLD:debian_10 debian-security-tracker-salsa 13642 14355 713 0 5.2% 5.0% ;; DB:cpe vulncheck-nist-nvd2 11.8% 0.0% 10.0%	sha256:aa26efd1279fb51e79a3532310b79c56b150d17ceda5c05f4c9b0f1b8314dbb0
31946373291	DB	2026-08-16T12:11:15Z	schedule	guard-trip	det_master+det_old+db	DET_MASTER:cpe_cisco vulncheck-nist-nvd2 30 21 0 9 30.0% 5.0% ;; DET_MASTER:debian_12 debian-security-tracker-salsa 5097 5631 535 1 10.5% 5.0% ;; DET_MASTER:cpe_nvd vulncheck-nist-nvd2 21 23 2 0 9.5% 5.0% ;; DET_MASTER:debian_10 debian-security-tracker-salsa 13642 14489 851 4 6.3% 5.0% ;; DET_MASTER:debian_9 debian-security-tracker-salsa 16350 17194 848 4 5.2% 5.0% ;; DET_OLD:debian_12 debian-security-tracker-salsa 5097 5631 535 1 10.5% 5.0% ;; DET_OLD:debian_10 debian-security-tracker-salsa 13642 14489 851 4 6.3% 5.0% ;; DET_OLD:debian_9 debian-security-tracker-salsa 16350 17194 848 4 5.2% 5.0% ;; DB:cpe vulncheck-nist-nvd2 11.8% 0.0% 10.0%	sha256:e722017611d31b1d81e1ac0a43d17583653515d2f58d85459e74eafa264843be
31947431601	DB(Nightly)	2026-08-16T12:34:31Z	schedule	guard-trip	det_master+det_old+db	DET_MASTER:cpe_cisco vulncheck-nist-nvd2 30 21 0 9 30.0% 5.0% ;; DET_MASTER:debian_12 debian-security-tracker-salsa 5097 5631 535 1 10.5% 5.0% ;; DET_MASTER:cpe_nvd vulncheck-nist-nvd2 21 23 2 0 9.5% 5.0% ;; DET_MASTER:debian_10 debian-security-tracker-salsa 13642 14489 851 4 6.3% 5.0% ;; DET_MASTER:debian_9 debian-security-tracker-salsa 16350 17194 848 4 5.2% 5.0% ;; DET_OLD:debian_12 debian-security-tracker-salsa 5097 5631 535 1 10.5% 5.0% ;; DET_OLD:debian_10 debian-security-tracker-salsa 13642 14489 851 4 6.3% 5.0% ;; DET_OLD:debian_9 debian-security-tracker-salsa 16350 17194 848 4 5.2% 5.0% ;; DB:cpe vulncheck-nist-nvd2 11.8% 0.0% 10.0%	sha256:d301528292c83f53f5cf6a34b12deaf37d00e1f6723ccc71cf729c525b327181
31963709931	DB	2026-08-16T18:08:39Z	schedule	guard-trip	det_master+det_old+db	DET_MASTER:cpe_cisco vulncheck-nist-nvd2 30 21 0 9 30.0% 5.0% ;; DET_MASTER:debian_12 debian-security-tracker-salsa 5097 5631 535 1 10.5% 5.0% ;; DET_MASTER:cpe_nvd vulncheck-nist-nvd2 21 23 2 0 9.5% 5.0% ;; DET_MASTER:debian_10 debian-security-tracker-salsa 13642 14489 851 4 6.3% 5.0% ;; DET_MASTER:debian_9 debian-security-tracker-salsa 16350 17194 848 4 5.2% 5.0% ;; DET_OLD:debian_12 debian-security-tracker-salsa 5097 5631 535 1 10.5% 5.0% ;; DET_OLD:debian_10 debian-security-tracker-salsa 13642 14489 851 4 6.3% 5.0% ;; DET_OLD:debian_9 debian-security-tracker-salsa 16350 17194 848 4 5.2% 5.0% ;; DB:cpe vulncheck-nist-nvd2 11.8% 0.0% 10.0%	sha256:16d817cf33a5d5a0f5eda66886938b8fcb89cffad4c181f79171b18b6a83dcac
31964535496	DB(Nightly)	2026-08-16T18:25:18Z	schedule	guard-trip	det_master+det_old+db	DET_MASTER:cpe_cisco vulncheck-nist-nvd2 30 21 0 9 30.0% 5.0% ;; DET_MASTER:debian_12 debian-security-tracker-salsa 5097 5631 535 1 10.5% 5.0% ;; DET_MASTER:cpe_nvd vulncheck-nist-nvd2 21 23 2 0 9.5% 5.0% ;; DET_MASTER:debian_10 debian-security-tracker-salsa 13642 14489 851 4 6.3% 5.0% ;; DET_MASTER:debian_9 debian-security-tracker-salsa 16350 17194 848 4 5.2% 5.0% ;; DET_OLD:debian_12 debian-security-tracker-salsa 5097 5631 535 1 10.5% 5.0% ;; DET_OLD:debian_10 debian-security-tracker-salsa 13642 14489 851 4 6.3% 5.0% ;; DET_OLD:debian_9 debian-security-tracker-salsa 16350 17194 848 4 5.2% 5.0% ;; DB:cpe vulncheck-nist-nvd2 11.8% 0.0% 10.0%	sha256:205533cf124b8127e9cb9e852b1627cd5e587542c23c144eb57202c6bb681e23
